id,title,slug,content,published,publishedAt,createdAt,updatedAt,authorId
"fqd8sqi9cagl4ivkazan86n6","Heart ‚àû Angel","infinity","[{""type"":""richText"",""data"":{""html"":""<p></p><img src=\""https://txvkqcitalfbjytmnawq.supabase.co/storage/v1/object/public/media/editor-images/1759407125535-IMG_0353.jpeg\""><p></p>""}},{""type"":""richText"",""data"":{""html"":""<h2>Infinity NFT</h2><blockquote><p>The Greatest Love Story ever told</p></blockquote><p></p>""}},{""type"":""columns"",""data"":{""columns"":[{""html"":""<img src=\""https://txvkqcitalfbjytmnawq.supabase.co/storage/v1/object/public/media/editor-images/1759407478630-IMG_0542.webp\""><p></p>""},{""html"":""<img src=\""https://txvkqcitalfbjytmnawq.supabase.co/storage/v1/object/public/media/editor-images/1759407487120-IMG_0541.webp\""><p></p>""}]}},{""type"":""columns"",""data"":{""columns"":[{""html"":""<p><strong>NFT That Spreads Love</strong></p><p>In a world that moves faster every day, love remains the one constant. This NFT project is designed to let love grow infinitely. Each owner receives a unique digital token with a special feature‚Äîwhen the NFT is transferred, it replicates. One NFT stays with you, while the other can be gifted or sold, passing not just an image but the very idea of love itself.</p><p>The more people who take part, the wider this network of love becomes. Every transfer creates a new connection, every action strengthens the idea of unity and kindness. These NFTs evolve, changing with each new owner, symbolizing how love itself grows, adapts, and finds new hearts. The more copies exist, the more warmth and support fill the world.</p><p><strong>How to participate?</strong></p><p>1. Receive your first NFT.</p><p>2. Keep one for yourself and pass the other to a friend, a stranger, or someone who needs support.</p><p>3. Watch love spread, creating new bonds and inspiring others.Join us‚Äîlet‚Äôs make love infinite!</p>""},{""html"":""<p><strong>NFT, –∫–æ—Ç–æ—Ä–∞—è —Ä–∞—Å–ø—Ä–æ—Å—Ç—Ä–∞–Ω—è–µ—Ç –ª—é–±–æ–≤—å</strong></p><p>–í –º–∏—Ä–µ, –≥–¥–µ –≤—Å—ë —É—Å–∫–æ—Ä—è–µ—Ç—Å—è, –ª—é–±–æ–≤—å –æ—Å—Ç–∞—ë—Ç—Å—è –µ–¥–∏–Ω—Å—Ç–≤–µ–Ω–Ω–æ–π –Ω–µ–∏–∑–º–µ–Ω–Ω–æ–π —Ü–µ–Ω–Ω–æ—Å—Ç—å—é. –≠—Ç–æ—Ç NFT-–ø—Ä–æ–µ–∫—Ç —Å–æ–∑–¥–∞–Ω –¥–ª—è —Ç–æ–≥–æ, —á—Ç–æ–±—ã –ª—é–±–æ–≤—å —Ä–∞—Å–ø—Ä–æ—Å—Ç—Ä–∞–Ω—è–ª–∞—Å—å –±–µ—Å–∫–æ–Ω–µ—á–Ω–æ. –ö–∞–∂–¥—ã–π –≤–ª–∞–¥–µ–ª–µ—Ü –ø–æ–ª—É—á–∞–µ—Ç —É–Ω–∏–∫–∞–ª—å–Ω—ã–π —Ü–∏—Ñ—Ä–æ–≤–æ–π –æ–±—ä–µ–∫—Ç, –Ω–æ —Å –æ–¥–Ω–æ–π –≤–∞–∂–Ω–æ–π –æ—Å–æ–±–µ–Ω–Ω–æ—Å—Ç—å—é ‚Äì –ø—Ä–∏ –ø–µ—Ä–µ–¥–∞—á–µ —Ç–æ–∫–µ–Ω–∞ –ø–æ—è–≤–ª—è–µ—Ç—Å—è –µ–≥–æ –∫–æ–ø–∏—è. –û–¥–Ω—É NFT —á–µ–ª–æ–≤–µ–∫ –æ—Å—Ç–∞–≤–ª—è–µ—Ç —Å–µ–±–µ, –∞ –≤—Ç–æ—Ä—É—é –º–æ–∂–µ—Ç –ø–æ–¥–∞—Ä–∏—Ç—å –∏–ª–∏ –ø—Ä–æ–¥–∞—Ç—å, –ø–µ—Ä–µ–¥–∞–≤–∞—è –¥–∞–ª—å—à–µ –Ω–µ —Ç–æ–ª—å–∫–æ –∏–∑–æ–±—Ä–∞–∂–µ–Ω–∏–µ, –Ω–æ –∏ —Å–∞–º—É –∏–¥–µ—é –ª—é–±–≤–∏.</p><p>–ß–µ–º –±–æ–ª—å—à–µ –ª—é–¥–µ–π –ø—Ä–∏–º–µ—Ç —É—á–∞—Å—Ç–∏–µ, —Ç–µ–º —à–∏—Ä–µ —Å—Ç–∞–Ω–µ—Ç —Å–µ—Ç—å –ª—é–±–≤–∏. –ö–∞–∂–¥–∞—è –ø–µ—Ä–µ–¥–∞—á–∞ —Å–æ–∑–¥–∞—ë—Ç –Ω–æ–≤—É—é —Å–≤—è–∑—å, –∫–∞–∂–¥–æ–µ –¥–µ–π—Å—Ç–≤–∏–µ —É–∫—Ä–µ–ø–ª—è–µ—Ç –∏–¥–µ—é –µ–¥–∏–Ω—Å—Ç–≤–∞ –∏ –¥–æ–±—Ä–∞. NFT —ç–≤–æ–ª—é—Ü–∏–æ–Ω–∏—Ä—É—é—Ç, –º–µ–Ω—è—è—Å—å —Å –∫–∞–∂–¥—ã–º –Ω–æ–≤—ã–º –≤–ª–∞–¥–µ–ª—å—Ü–µ–º, —Å–∏–º–≤–æ–ª–∏–∑–∏—Ä—É—è, —á—Ç–æ –ª—é–±–æ–≤—å —Ç–æ–∂–µ –Ω–µ —Å—Ç–æ–∏—Ç –Ω–∞ –º–µ—Å—Ç–µ ‚Äì –æ–Ω–∞ —Ä–∞—Å—Ç—ë—Ç, –∞–¥–∞–ø—Ç–∏—Ä—É–µ—Ç—Å—è –∏ –Ω–∞—Ö–æ–¥–∏—Ç –Ω–æ–≤—ã—Ö –ª—é–¥–µ–π. –ß–µ–º –±–æ–ª—å—à–µ –∫–æ–ø–∏–π ‚Äì —Ç–µ–º –±–æ–ª—å—à–µ —Ç–µ–ø–ª–∞ –∏ –ø–æ–¥–¥–µ—Ä–∂–∫–∏ –≤ –º–∏—Ä–µ.</p><p>–ö–∞–∫ —É—á–∞—Å—Ç–≤–æ–≤–∞—Ç—å?</p><p>1. –ü–æ–ª—É—á–∏ —Å–≤–æ—é –ø–µ—Ä–≤—É—é NFT.</p><p>2. –û—Å—Ç–∞–≤—å –æ–¥–Ω—É —Å–µ–±–µ, –∞ –≤—Ç–æ—Ä—É—é –ø–µ—Ä–µ–¥–∞–π –¥–∞–ª—å—à–µ ‚Äì –¥—Ä—É–≥—É, –Ω–µ–∑–Ω–∞–∫–æ–º—Ü—É –∏–ª–∏ —Ç–æ–º—É, –∫–æ–º—É –Ω—É–∂–Ω–∞ –ø–æ–¥–¥–µ—Ä–∂–∫–∞.</p><p>3. –°–ª–µ–¥–∏ –∑–∞ —Ç–µ–º, –∫–∞–∫ –ª—é–±–æ–≤—å —Ä–∞—Å–ø—Ä–æ—Å—Ç—Ä–∞–Ω—è–µ—Ç—Å—è, —Å–æ–∑–¥–∞–≤–∞—è –Ω–æ–≤—ã–µ —Å–≤—è–∑–∏ –∏ –≤–¥–æ—Ö–Ω–æ–≤–ª—è—è –¥—Ä—É–≥–∏—Ö.</p><p>–ü—Ä–∏—Å–æ–µ–¥–∏–Ω—è–π—Å—è ‚Äì –ø—É—Å—Ç—å –ª—é–±–æ–≤—å —Å—Ç–∞–Ω–µ—Ç –±–µ—Å–∫–æ–Ω–µ—á–Ω–æ–π!</p>""}]}},{""type"":""richText"",""data"":{""html"":""<h2>Smart-contract</h2><p></p>""}},{""type"":""richText"",""data"":{""html"":""<blockquote><p>/ SPDX-License-Identifier: MIT<br>pragma solidity ^0.8.19;</p></blockquote><blockquote><p>import ‚Äú@openzeppelin/contracts/token/ERC721/extensions/ERC721URIStorage.sol‚Äù;<br>import ‚Äú@openzeppelin/contracts/access/Ownable.sol‚Äù;</p></blockquote><blockquote><p>contract ReproNFT is ERC721URIStorage, Ownable {<br>uint256 private _tokenIds;</p></blockquote><p>Coming soon</p><h2>Airdrop</h2><p></p>""}}]","true","Thu Oct 02 2025 12:19:45 GMT+0000 (Coordinated Universal Time)","Thu Oct 02 2025 12:12:16 GMT+0000 (Coordinated Universal Time)","Thu Oct 02 2025 12:19:45 GMT+0000 (Coordinated Universal Time)","cmg3a1nw400009h9arn2nhaae"
"rh8u257mk1u8jj0k0dv98yhj","üé® –ö—É–ª—å—Ç—É—Ä–Ω—ã–µ –Ω–æ–≤–æ—Å—Ç–∏ | 2 –æ–∫—Ç—è–±—Ä—è 2025  ","culture_news_02102025","[{""type"":""richText"",""data"":{""html"":""<img src=\""https://txvkqcitalfbjytmnawq.supabase.co/storage/v1/object/public/media/editor-images/1759425039673-IMG_0549.jpeg\""><p>üì∞ –ì–õ–ê–í–ù–û–ï –ó–ê –î–ï–ù–¨:</p><p>üèõÔ∏è –û—Ç–∫—Ä—ã—Ç–∏–µ Museo Casa Kahlo –≤ –ú–µ—Ö–∏–∫–æ ‚Äî –Ω–æ–≤–æ–µ –ø—Ä–æ—Å—Ç—Ä–∞–Ω—Å—Ç–≤–æ, –ø–æ—Å–≤—è—â—ë–Ω–Ω–æ–µ –§—Ä–∏–¥–µ –ö–∞–ª–æ</p><p>–í –ú–µ—Ö–∏–∫–æ –æ—Ç–∫—Ä—ã–ª—Å—è Museo Casa Kahlo, —Ä–∞—Å–ø–æ–ª–æ–∂–µ–Ω–Ω—ã–π –≤ –¥–æ–º–µ, –≥–¥–µ —Ö—É–¥–æ–∂–Ω–∏—Ü–∞ –ø—Ä–æ–≤–µ–ª–∞ —Å–≤–æ–∏ —é–Ω–æ—à–µ—Å–∫–∏–µ –≥–æ–¥—ã. –ú—É–∑–µ–π –¥–æ–ø–æ–ª–Ω—è–µ—Ç –∏–∑–≤–µ—Å—Ç–Ω—ã–π Casa Azul –∏ —Ä–∞—Å–∫—Ä—ã–≤–∞–µ—Ç –º–∞–ª–æ–∏–∑–≤–µ—Å—Ç–Ω—ã–µ –∞—Å–ø–µ–∫—Ç—ã –∂–∏–∑–Ω–∏ –∏ —Ç–≤–æ—Ä—á–µ—Å—Ç–≤–∞ –ö–∞–ª–æ, –≤–∫–ª—é—á–∞—è –µ—ë —Å–µ–º–µ–π–Ω—ã–µ —Å–≤—è–∑–∏ –∏ —Ä–∞–Ω–Ω–∏–µ —Ä–∞–±–æ—Ç—ã, —á—Ç–æ –ø—Ä–µ–¥—Å—Ç–∞–≤–ª—è–µ—Ç –æ—Å–æ–±—ã–π –∏–Ω—Ç–µ—Ä–µ—Å –¥–ª—è –ø–æ–∫–ª–æ–Ω–Ω–∏–∫–æ–≤ –∏—Å–∫—É—Å—Å—Ç–≤–∞ –∏ –º–µ–∫—Å–∏–∫–∞–Ω—Å–∫–æ–π –∫—É–ª—å—Ç—É—Ä—ã.</p><p>üìç The Art Newspaper</p><p>üíî –°–∫–æ–Ω—á–∞–ª—Å—è –∫–æ–Ω—Ü–µ–ø—Ç—É–∞–ª—å–Ω—ã–π —Ö—É–¥–æ–∂–Ω–∏–∫ –†—É—Ç–µ—Ä—Ñ–æ—Ä–¥ –ß–∞–Ω–≥</p><p>–†—É—Ç–µ—Ä—Ñ–æ—Ä–¥ –ß–∞–Ω–≥, –ø—Ä–æ—Å–ª–∞–≤–∏–≤—à–∏–π—Å—è —Å–≤–æ–∏–º–∏ —Ö—É–¥–æ–∂–µ—Å—Ç–≤–µ–Ω–Ω—ã–º–∏ –ø—Ä–æ–µ–∫—Ç–∞–º–∏ –Ω–∞ –æ—Å–Ω–æ–≤–µ –∫–æ–ª–ª–µ–∫—Ü–∏–π –ø–æ–ø-–∫—É–ª—å—Ç—É—Ä—ã –∏ –æ–±–ª–æ–∂–µ–∫ ¬´–ë–µ–ª–æ–≥–æ –∞–ª—å–±–æ–º–∞¬ª The Beatles, —É–º–µ—Ä –≤ —è–Ω–≤–∞—Ä–µ 2025 –≥–æ–¥–∞ –≤ –≤–æ–∑—Ä–∞—Å—Ç–µ 45 –ª–µ—Ç. –ï–≥–æ —Ç–≤–æ—Ä—á–µ—Å—Ç–≤–æ –æ—Ç–ª–∏—á–∞–ª–æ—Å—å –≥–ª—É–±–æ–∫–∏–º –∏—Å—Å–ª–µ–¥–æ–≤–∞–Ω–∏–µ–º —Ç–µ–º—ã –≤—Ä–µ–º–µ–Ω–∏ –∏ –∫—É–ª—å—Ç—É—Ä–Ω—ã—Ö –∞—Ä—Ç–µ—Ñ–∞–∫—Ç–æ–≤ —Å –∏—Å–ø–æ–ª—å–∑–æ–≤–∞–Ω–∏–µ–º –Ω–µ—Å—Ç–∞–Ω–¥–∞—Ä—Ç–Ω—ã—Ö –º–∞—Ç–µ—Ä–∏–∞–ª–æ–≤ –∏ –º–µ—Ç–æ–¥–æ–≤.</p><p>üìç The New York Times</p><p>üí∞ Art Basel Paris –≤–Ω–µ–¥—Ä—è–µ—Ç –ø—Ä–µ–¥–≤–∞—Ä–∏—Ç–µ–ª—å–Ω—ã–π –ø—Ä–æ—Å–º–æ—Ç—Ä –¥–ª—è VIP-–≥–æ—Å—Ç–µ–π</p><p>–Æ–≤–µ–ª–∏—Ä–Ω—ã–º –∏–∑–º–µ–Ω–µ–Ω–∏–µ–º –≤ –æ—Ä–≥–∞–Ω–∏–∑–∞—Ü–∏–∏ —è—Ä–º–∞—Ä–∫–∏ Art Basel Paris —Å—Ç–∞–ª –∑–∞–ø—É—Å–∫ —ç–∫—Å–∫–ª—é–∑–∏–≤–Ω–æ–≥–æ –º–µ—Ä–æ–ø—Ä–∏—è—Ç–∏—è ‚Äî –ø–µ—Ä—Å–æ–Ω–∞–ª—å–Ω–æ–≥–æ –ø—Ä–µ–¥–≤–∞—Ä–∏—Ç–µ–ª—å–Ω–æ–≥–æ –ø—Ä–æ—Å–º–æ—Ç—Ä–∞ –¥–ª—è VIP-–∫–ª–∏–µ–Ω—Ç–æ–≤ –∑–∞ —Å—É—Ç–∫–∏ –¥–æ –æ—Ñ–∏—Ü–∏–∞–ª—å–Ω–æ–≥–æ –æ—Ç–∫—Ä—ã—Ç–∏—è. –¢–∞–∫–æ–π —à–∞–≥ –Ω–∞–ø—Ä–∞–≤–ª–µ–Ω –Ω–∞ —É–∫—Ä–µ–ø–ª–µ–Ω–∏–µ –≤–∑–∞–∏–º–æ–æ—Ç–Ω–æ—à–µ–Ω–∏–π —Å –ø–æ—Å—Ç–æ—è–Ω–Ω—ã–º–∏ –∫–æ–ª–ª–µ–∫—Ü–∏–æ–Ω–µ—Ä–∞–º–∏ –∏ —Å–æ–∑–¥–∞–Ω–∏–µ –∞—Ç–º–æ—Å—Ñ–µ—Ä—ã —ç–∫—Å–∫–ª—é–∑–∏–≤–Ω–æ—Å—Ç–∏.</p><p>üìç The Art Newspaper</p><p>üèõÔ∏è –ë—Ä—É–∫–ª–∏–Ω—Å–∫–∏–π –º—É–∑–µ–π –æ—Ç–∫—Ä—ã–ª –Ω–æ–≤—É—é –≥–∞–ª–µ—Ä–µ—é –≤–∏–¥–µ–æ–∞—Ä—Ç–∞ —Å —Ä–∞–±–æ—Ç–æ–π –ö—Ä–∏—Å—Ç–∏–∞–Ω–∞ –ú–∞—Ä–∫–ª–∞—è</p><p>–ù–æ–≤–æ–µ –ø—Ä–æ—Å—Ç—Ä–∞–Ω—Å—Ç–≤–æ –≤ –ë—Ä—É–∫–ª–∏–Ω—Å–∫–æ–º –º—É–∑–µ–µ –ø–æ—Å–≤—è—â–µ–Ω–æ —Ä–∞–∑–≤–∏—Ç–∏—é –º–µ–¥–∏–∞–∞—Ä—Ç–∞ –∏ –≤–∏–¥–µ–æ. –í —Ä–∞–º–∫–∞—Ö –æ—Ç–∫—Ä—ã—Ç–∏—è –ø–æ–∫–∞–∑–∞–Ω–∞ –º–∞—Å—à—Ç–∞–±–Ω–∞—è —Ä–∞–±–æ—Ç–∞ –±—Ä–∏—Ç–∞–Ω—Å–∫–æ–≥–æ —Ö—É–¥–æ–∂–Ω–∏–∫–∞ –ö—Ä–∏—Å—Ç–∏–∞–Ω–∞ –ú–∞—Ä–∫–ª–∞—è ¬´Doors¬ª, –∫–æ—Ç–æ—Ä–∞—è –∏—Å—Å–ª–µ–¥—É–µ—Ç –ø—Ä–æ—Å—Ç—Ä–∞–Ω—Å—Ç–≤–µ–Ω–Ω—ã–µ –∏ –ø–æ–≤–µ—Å—Ç–≤–æ–≤–∞—Ç–µ–ª—å–Ω—ã–µ –≤–æ–∑–º–æ–∂–Ω–æ—Å—Ç–∏ –≤–∏–¥–µ–æ–∏—Å–∫—É—Å—Å—Ç–≤–∞.</p><p>üìç The Art Newspaper</p><p>üèóÔ∏è –ü–µ—Ç—Ä–∏—Ç –•–∞–ª–∏–ª—è–π –ø–æ–ª—É—á–∏–ª –ø—Ä–µ–º–∏—é Nasher Prize –∑–∞ –≤—ã–¥–∞—é—â–∏–π—Å—è –≤–∫–ª–∞–¥ –≤ —Å–∫—É–ª—å–ø—Ç—É—Ä—É</p><p>–°–∫—É–ª—å–ø—Ç–æ—Ä –∏–∑ –ö–æ—Å–æ–≤–æ –ü–µ—Ç—Ä–∏—Ç –•–∞–ª–∏–ª—è–π —Å—Ç–∞–ª –ª–∞—É—Ä–µ–∞—Ç–æ–º –ø—Ä–µ—Å—Ç–∏–∂–Ω–æ–π –º–µ–∂–¥—É–Ω–∞—Ä–æ–¥–Ω–æ–π –ø—Ä–µ–º–∏–∏ Nasher Prize 2025 –∑–∞ –∏–Ω–Ω–æ–≤–∞—Ü–∏–æ–Ω–Ω—ã–µ —Ä–∞–±–æ—Ç—ã –≤ –æ–±–ª–∞—Å—Ç–∏ —Å–æ–≤—Ä–µ–º–µ–Ω–Ω–æ–π —Å–∫—É–ª—å–ø—Ç—É—Ä—ã. –ù–∞–≥—Ä–∞–∂–¥–µ–Ω–∏–µ —Å–æ–≤–ø–∞–ª–æ —Å –≥—Ä–æ–º–∫–∏–º –∏–Ω—Ü–∏–¥–µ–Ω—Ç–æ–º ‚Äî –ø–æ–¥–∂–æ–≥–æ–º –Ω–∞ –ø—Ä–µ–º—å–µ—Ä–µ –µ–≥–æ –æ–ø–µ—Ä—ã –≤ –ü—Ä–∏—à—Ç–∏–Ω–µ, —á—Ç–æ –≤—ã–∑–≤–∞–ª–æ —à–∏—Ä–æ–∫–∏–π –æ–±—â–µ—Å—Ç–≤–µ–Ω–Ω—ã–π —Ä–µ–∑–æ–Ω–∞–Ω—Å.</p><p>üìç The New York Times</p>""}}]","true","Thu Oct 02 2025 17:14:26 GMT+0000 (Coordinated Universal Time)","Thu Oct 02 2025 17:08:42 GMT+0000 (Coordinated Universal Time)","Thu Oct 02 2025 17:14:26 GMT+0000 (Coordinated Universal Time)","cmg3a1nw400009h9arn2nhaae"
"dtwo9t8e7fvq446he21jvswr","üñºÔ∏è Alphonse Leveau (1815-1871) ‚Äî By the Sea","alphonse-leveau-by-the-sea","[{""type"":""richText"",""data"":{""html"":""<img src=\""https://txvkqcitalfbjytmnawq.supabase.co/storage/v1/object/public/media/editor-images/1759430960742-IMG_0550.jpeg\""><p></p>""}},{""type"":""columns"",""data"":{""columns"":[{""html"":""<p>–ê–ª—å—Ñ–æ–Ω—Å –õ–µ–≤–æ ‚Äî –∏–º—è, –∫–æ—Ç–æ—Ä–æ–µ —Å–µ–≥–æ–¥–Ω—è –∑–Ω–∞—é—Ç –Ω–µ–º–Ω–æ–≥–∏–µ. –ù–æ –≤ —Å–µ—Ä–µ–¥–∏–Ω–µ XIX –≤–µ–∫–∞ —ç—Ç–æ—Ç —Ñ—Ä–∞–Ω—Ü—É–∑—Å–∫–∏–π —Ö—É–¥–æ–∂–Ω–∏–∫ —Å–æ–∑–¥–∞–≤–∞–ª —Ä–∞–±–æ—Ç—ã, –≤ –∫–æ—Ç–æ—Ä—ã—Ö –º–æ—Ä–µ —Å—Ç–∞–Ω–æ–≤–∏–ª–æ—Å—å –Ω–µ –ø—Ä–æ—Å—Ç–æ –ø–µ–π–∑–∞–∂–µ–º, –∞ —Å–æ—Å—Ç–æ—è–Ω–∏–µ–º –¥—É—à–∏. ‚Äú–£ –º–æ—Ä—è‚Äù ‚Äî –∫–∞—Ä—Ç–∏–Ω–∞ 1857 –≥–æ–¥–∞, –≥–¥–µ –∫–∞–∂–¥–∞—è –≤–æ–ª–Ω–∞ –Ω–∞–ø–∏—Å–∞–Ω–∞ —Å —Ç–æ–π —Å–∞–º–æ–π —Ä–æ–º–∞–Ω—Ç–∏—á–µ—Å–∫–æ–π —Ç–æ—Å–∫–æ–π, —á—Ç–æ –±—ã–ª–∞ —Ç–∞–∫ —Å–≤–æ–π—Å—Ç–≤–µ–Ω–Ω–∞ –µ–≥–æ —ç–ø–æ—Ö–µ.</p><p>–õ–µ–≤–æ —É–º–µ–ª —Ç–æ, —á—Ç–æ –Ω–µ –∫–∞–∂–¥–æ–º—É –¥–∞–Ω–æ ‚Äî –æ—Å—Ç–∞–Ω–æ–≤–∏—Ç—å –º–≥–Ω–æ–≤–µ–Ω–∏–µ. –ó–∞—Å—Ç—ã–≤—à–∏–π –ø—Ä–∏–±–æ–π, —Å–≤–µ—Ç –Ω–∞ –≤–æ–¥–µ, —Ñ–∏–≥—É—Ä—ã —É –±–µ—Ä–µ–≥–∞. –í—Å—ë —ç—Ç–æ –ø—Ä–µ–≤—Ä–∞—â–∞–µ—Ç –ø—Ä–æ—Å—Ç–æ–π –º–æ—Ä—Å–∫–æ–π –≤–∏–¥ –≤ –º–µ–¥–∏—Ç–∞—Ü–∏—é –æ –≤–µ—á–Ω–æ—Å—Ç–∏ –∏ –º–∏–º–æ–ª—ë—Ç–Ω–æ—Å—Ç–∏ –æ–¥–Ω–æ–≤—Ä–µ–º–µ–Ω–Ω–æ.</p>""},{""html"":""<p>üñºÔ∏è Alphonse Leveau (1815-1871) ‚Äî By the Sea</p><p>oil on panel</p><p>46.7 x 55.6 cm (18 ‚Öú x 21 ‚Öû in)</p><p>Signed and dated lower right: A. Leveau / 1857</p><p>üë®‚Äç‚öñÔ∏è Sotheby‚Äôs</p><p>üìç New York</p><p>üìÖ January 2025</p><p>üí∏ Estimate: $20,000 - $30,000</p>""}]}}]","true","Thu Oct 02 2025 18:52:17 GMT+0000 (Coordinated Universal Time)","Thu Oct 02 2025 18:51:31 GMT+0000 (Coordinated Universal Time)","Thu Oct 02 2025 18:52:17 GMT+0000 (Coordinated Universal Time)","cmg3a1nw400009h9arn2nhaae"
"ukpgy06b3h394dsy47n9bj6k","üñºÔ∏è Ren√© Magritte (1898-1967) ‚Äî La veill√©e","ren-magritte-1898-1967-la-veille","[{""type"":""richText"",""data"":{""html"":""<img src=\""https://txvkqcitalfbjytmnawq.supabase.co//storage/v1/object/public/media/IMG_0557.png\""><p></p>""}},{""type"":""columns"",""data"":{""columns"":[{""html"":""<p>–†–µ–Ω–µ –ú–∞–≥—Ä–∏—Ç—Ç –≤ –ø—Ä–µ–¥—Å—Ç–∞–≤–ª–µ–Ω–∏–∏ –Ω–µ –Ω—É–∂–¥–∞–µ—Ç—Å—è. –ù–æ –∫–∞–∂–¥—ã–π —Ä–∞–∑, –≥–ª—è–¥—è –Ω–∞ –µ–≥–æ —Ä–∞–±–æ—Ç—ã, –ø–æ–Ω–∏–º–∞–µ—à—å ‚Äî —Å—é—Ä—Ä–µ–∞–ª–∏–∑–º —ç—Ç–æ –Ω–µ –ø—Ä–æ —Å—Ç—Ä–∞–Ω–Ω–æ—Å—Ç—å, –∞ –ø—Ä–æ —Ç–∏—à–∏–Ω—É. ‚ÄúLa veill√©e‚Äù ‚Äî ‚Äú–ë–¥–µ–Ω–∏–µ‚Äù –∏–ª–∏ ‚Äú–ë–æ–¥—Ä—Å—Ç–≤–æ–≤–∞–Ω–∏–µ‚Äù ‚Äî —Ä–∞–±–æ—Ç–∞ 1961 –≥–æ–¥–∞, –≥–¥–µ –æ–±—ã–¥–µ–Ω–Ω—ã–µ –ø—Ä–µ–¥–º–µ—Ç—ã –∑–∞—Å—Ç—ã–≤–∞—é—Ç –≤ –æ–∂–∏–¥–∞–Ω–∏–∏ —á–µ–≥–æ-—Ç–æ –Ω–µ–≤—ã—Å–∫–∞–∑–∞–Ω–Ω–æ–≥–æ.</p><p>–°–≤–µ—á–∞, –≥–Ω–µ–∑–¥–æ —Å —è–π—Ü–∞–º–∏, –∑–∞–Ω–∞–≤–µ—Å–∫–∏ ‚Äî –≤—Å—ë –Ω–∞ —Å–≤–æ–∏—Ö –º–µ—Å—Ç–∞—Ö, –Ω–æ –º–∏—Ä —Å–ª–æ–≤–Ω–æ –∑–∞–¥–µ—Ä–∂–∞–ª –¥—ã—Ö–∞–Ω–∏–µ. –ú–∞–≥—Ä–∏—Ç—Ç —É–º–µ–ª –ø—Ä–µ–≤—Ä–∞—â–∞—Ç—å –ø—Ä–æ—Å—Ç–æ–µ –≤ –∑–∞–≥–∞–¥–æ—á–Ω–æ–µ –æ–¥–Ω–∏–º –ª–∏—à—å –≤–∑–≥–ª—è–¥–æ–º. –ò —ç—Ç–∞ —Ä–∞–±–æ—Ç–∞ ‚Äî –∏–¥–µ–∞–ª—å–Ω–æ–µ –¥–æ–∫–∞–∑–∞—Ç–µ–ª—å—Å—Ç–≤–æ, —á—Ç–æ –≤–æ–ª—à–µ–±—Å—Ç–≤–æ –≤—Å—ë-—Ç–∞–∫–∏ –ø–æ–∑–Ω–∞–≤–∞–µ–º–æ, –µ—Å–ª–∏ —Å–º–æ—Ç—Ä–µ—Ç—å –¥–æ—Å—Ç–∞—Ç–æ—á–Ω–æ –≤–Ω–∏–º–∞—Ç–µ–ª—å–Ω–æ.</p>""},{""html"":""<p>üñºÔ∏è Ren√© Magritte (1898-1967) ‚Äî La veill√©e (The Vigil)</p><p>collage with gouache, watercolour and Cont√© crayon on paper</p><p>34.3 x 42.6 cm (13 ¬Ω x 16 ¬æ in)</p><p>Signed ‚ÄòMagritte‚Äô (lower left)</p><p>Executed in 1961</p><p>üë®‚Äç‚öñÔ∏è Christie‚Äôs</p><p>üìç London</p><p>üìÖ 20th/21st Century Evening Sale</p><p>üí∏ Estimate: ¬£300,000 - ¬£500,000</p>""}]}}]","true","Sun Oct 05 2025 18:35:22 GMT+0000 (Coordinated Universal Time)","Sat Oct 04 2025 12:19:26 GMT+0000 (Coordinated Universal Time)","Sun Oct 05 2025 18:35:22 GMT+0000 (Coordinated Universal Time)","cmg3a1nw400009h9arn2nhaae"
"rfi8c8dgbw85ukhswmv46z0i","üñºÔ∏è Ernst Yohji Jaeger (b. 1990) ‚Äî Untitled 4","ernst-yohji-jaeger-b-1990-untitled-4","[{""type"":""richText"",""data"":{""html"":""<img src=\""https://txvkqcitalfbjytmnawq.supabase.co//storage/v1/object/public/media/IMG_0572.png\""><p></p>""}},{""type"":""columns"",""data"":{""columns"":[{""html"":""<p>–≠—Ä–Ω—Å—Ç –ô–æ–¥–∂–∏ –î–∂–µ–≥–µ—Ä ‚Äî –∏–º—è, –∫–æ—Ç–æ—Ä–æ–µ –ø–æ–∫–∞ –∑–Ω–∞—é—Ç –Ω–µ –≤—Å–µ, –Ω–æ —Å—Ç–æ–∏—Ç –∑–∞–ø–æ–º–Ω–∏—Ç—å. –ú–æ–ª–æ–¥–æ–π —Ö—É–¥–æ–∂–Ω–∏–∫, —Ä–æ–¥–∏–≤—à–∏–π—Å—è –≤ 1990 –≥–æ–¥—É, —Ä–∞–±–æ—Ç–∞–µ—Ç –Ω–∞ —Å—Ç—ã–∫–µ –∞–±—Å—Ç—Ä–∞–∫—Ü–∏–∏ –∏ —ç–º–æ—Ü–∏–∏, –≥–¥–µ –∫–∞–∂–¥—ã–π –º–∞–∑–æ–∫ ‚Äî —ç—Ç–æ –ø–æ–ø—ã—Ç–∫–∞ –ø–æ–π–º–∞—Ç—å —É—Å–∫–æ–ª—å–∑–∞—é—â–µ–µ —á—É–≤—Å—Ç–≤–æ.</p><p>‚ÄúUntitled 4‚Äù ‚Äî —Ä–∞–±–æ—Ç–∞ 2020 –≥–æ–¥–∞, —Å–æ–∑–¥–∞–Ω–Ω–∞—è –≤ —Ç–æ—Ç —Å–∞–º—ã–π –º–æ–º–µ–Ω—Ç, –∫–æ–≥–¥–∞ –º–∏—Ä –∑–∞–º–µ—Ä –≤ –Ω–µ–æ–ø—Ä–µ–¥–µ–ª–µ–Ω–Ω–æ—Å—Ç–∏. –ú–æ–∂–µ—Ç, –∏–º–µ–Ω–Ω–æ –ø–æ—ç—Ç–æ–º—É –≤ –Ω–µ–π —Å—Ç–æ–ª—å–∫–æ —Ç–∏—à–∏–Ω—ã –∏ –Ω–∞–ø—Ä—è–∂–µ–Ω–∏—è –æ–¥–Ω–æ–≤—Ä–µ–º–µ–Ω–Ω–æ. –î–∂–µ–≥–µ—Ä –ø—Ä–∏–Ω–∞–¥–ª–µ–∂–∏—Ç –∫ –ø–æ–∫–æ–ª–µ–Ω–∏—é —Ö—É–¥–æ–∂–Ω–∏–∫–æ–≤, –¥–ª—è –∫–æ—Ç–æ—Ä—ã—Ö –æ—Ç—Å—É—Ç—Å—Ç–≤–∏–µ –Ω–∞–∑–≤–∞–Ω–∏—è ‚Äî –Ω–µ –æ—Ç–∫–∞–∑ –æ—Ç —Å–º—ã—Å–ª–∞, –∞ –ø—Ä–∏–≥–ª–∞—à–µ–Ω–∏–µ –∫ –¥–∏–∞–ª–æ–≥—É.</p>""},{""html"":""<p>üñºÔ∏è Ernst Yohji Jaeger (b. 1990) ‚Äî Untitled 4</p><p>oil on canvas</p><p>60.2 x 45 cm (23 ¬æ x 17 ¬æ in)</p><p>Signed ‚ÄòJaeger‚Äô (on the reverse)</p><p>Painted in 2020</p><p>üë®‚Äç‚öñÔ∏è Christie‚Äôs</p><p>üìç London</p><p>üìÖ Day Sale</p><p>üí∏ Estimate: ¬£25,000 - ¬£35,000</p>""}]}}]","true","Sun Oct 05 2025 20:08:47 GMT+0000 (Coordinated Universal Time)","Sun Oct 05 2025 20:08:47 GMT+0000 (Coordinated Universal Time)","Sun Oct 05 2025 20:08:47 GMT+0000 (Coordinated Universal Time)","cmg3a1nw400009h9arn2nhaae"
"mvkktuidb47d64j8qz599sog","üé® –ö—É–ª—å—Ç—É—Ä–Ω—ã–µ –Ω–æ–≤–æ—Å—Ç–∏ | 6 –æ–∫—Ç—è–±—Ä—è 2025  ","kulturnye-novosti-6-oktyabrya-2025","[{""type"":""richText"",""data"":{""html"":""<img src=\""https://txvkqcitalfbjytmnawq.supabase.co//storage/v1/object/public/media/IMG_0573.webp\""><p></p>""}},{""type"":""richText"",""data"":{""html"":""<p>üèõÔ∏è –°–Ω—è—Ç —Å—Ç—Ä–æ–∏—Ç–µ–ª—å–Ω—ã–π –ª–µ—Å –¥–ª—è –ü–∞—Ä—Ñ–µ–Ω–æ–Ω–∞ ‚Äî –ø–∞–º—è—Ç–Ω–∏–∫ –≤–∏–¥–µ–Ω –±–µ–∑ –ø—Ä–µ–≥—Ä–∞–¥ –≤–ø–µ—Ä–≤—ã–µ –∑–∞ 15 –ª–µ—Ç  </p><p>–í –ê—Ñ–∏–Ω–∞—Ö –∑–∞–≤–µ—Ä—à–∏–ª–∏ –¥–µ–º–æ–Ω—Ç–∞–∂ —Å—Ç—Ä–æ–∏—Ç–µ–ª—å–Ω—ã—Ö –ª–µ—Å–æ–≤ —Å –ü–∞—Ä—Ñ–µ–Ω–æ–Ω–∞ ‚Äî –Ω–∞—Ü–∏–æ–Ω–∞–ª—å–Ω–æ–≥–æ —Å–∏–º–≤–æ–ª–∞ –ì—Ä–µ—Ü–∏–∏ –∏ –æ–±—ä–µ–∫—Ç–∞ –í—Å–µ–º–∏—Ä–Ω–æ–≥–æ –Ω–∞—Å–ª–µ–¥–∏—è –Æ–ù–ï–°–ö–û. –°–Ω—è—Ç–∏–µ –≤—Ä–µ–º–µ–Ω–Ω—ã—Ö –∫–æ–Ω—Å—Ç—Ä—É–∫—Ü–∏–π –ø–æ—Å–ª–µ –º–∞—Å—à—Ç–∞–±–Ω–æ–π —Ä–µ—Å—Ç–∞–≤—Ä–∞—Ü–∏–∏ —Å—Ç–∞–ª–æ –¥–æ–ª–≥–æ–∂–¥–∞–Ω–Ω—ã–º —Å–æ–±—ã—Ç–∏–µ–º –¥–ª—è –∫—É–ª—å—Ç—É—Ä–Ω–æ–≥–æ —Å–æ–æ–±—â–µ—Å—Ç–≤–∞ –∏ —Ç—É—Ä–∏—Å—Ç–æ–≤.  </p><p>üìç Greek City Times</p><p>üí∞ –í –õ–æ–Ω–¥–æ–Ω–µ —Å—Ç–∞—Ä—Ç—É–µ—Ç –æ–Ω–ª–∞–π–Ω-–∞—É–∫—Ü–∏–æ–Ω —Å–æ–≤—Ä–µ–º–µ–Ω–Ω–æ–≥–æ –∏ —Å–æ–≤—Ä–µ–º–µ–Ω–Ω–æ–≥–æ –∏—Å–∫—É—Å—Å—Ç–≤–∞  </p><p>Phillips –æ–±—ä—è–≤–∏–ª –Ω–∞—á–∞–ª–æ –æ–Ω–ª–∞–π–Ω-–∞—É–∫—Ü–∏–æ–Ω–∞ —Å —Ä–∞–±–æ—Ç–∞–º–∏ —Å–æ–≤—Ä–µ–º–µ–Ω–Ω—ã—Ö —Ö—É–¥–æ–∂–Ω–∏–∫–æ–≤, –∫–æ—Ç–æ—Ä—ã–π –ø—Ä–æ–¥–ª–∏—Ç—Å—è —Å 14 –ø–æ 24 –æ–∫—Ç—è–±—Ä—è. –õ–æ—Ç—ã –≤–∫–ª—é—á–∞—é—Ç –∫–∞—Ä—Ç–∏–Ω—ã, —Å–∫—É–ª—å–ø—Ç—É—Ä—ã –∏ –≥—Ä–∞—Ñ–∏–∫—É, —Å –∞–Ω–≥–ª–æ—è–∑—ã—á–Ω—ã–º –ø—Ä–µ–¥–≤–∞—Ä–∏—Ç–µ–ª—å–Ω—ã–º –ø—Ä–æ—Å–º–æ—Ç—Ä–æ–º —Å 9 –ø–æ 18 –æ–∫—Ç—è–±—Ä—è.  </p><p>üìç Phillips</p><p>üèõÔ∏è –ö—É–ª—å—Ç—É—Ä–Ω—ã–µ –≤—ã—Å—Ç–∞–≤–∫–∏ –∏ –≥–∞–ª–µ—Ä–µ–∏: –Ω–æ–≤–∞—è –≤—ã—Å—Ç–∞–≤–∫–∞ –∫–ª–∏–º–∞—Ç–∏—á–µ—Å–∫–æ–≥–æ –∞–∫—Ç–∏–≤–∏—Å—Ç–∞ –ò–∑–∞–±–µ–ª—å –†–æ–∫  </p><p>–ò–∑–∞–±–µ–ª—å –†–æ–∫, —Ö—É–¥–æ–∂–Ω–∏—Ü–∞ –∏ –∞–∫—Ç–∏–≤–∏—Å—Ç–∫–∞, –æ—Ç–∫—Ä—ã–ª–∞ –≤—ã—Å—Ç–∞–≤–∫—É —Å –º–∞—Å—à—Ç–∞–±–Ω—ã–º–∏ –∞—Ä—Ç-–∏–Ω—Å—Ç–∞–ª–ª—è—Ü–∏—è–º–∏ —Å –∏–∑–æ–±—Ä–∞–∂–µ–Ω–∏–µ–º –≥–∏–≥–∞–Ω—Ç—Å–∫–∏—Ö —Å–ª–∏–∑–Ω–µ–π, —Å–≤–∏—Ä–µ–ø—ã—Ö –∫—Ä—ã—Å –∏ –º–Ω–æ–≥–æ—Ä—É–∫–∏—Ö –∫—Ä–æ–∫–æ–¥–∏–ª–æ–≤, —á—Ç–æ –ø—Ä–∏–≤–ª–µ–∫–∞–µ—Ç –≤–Ω–∏–º–∞–Ω–∏–µ –∫ —ç–∫–æ–ª–æ–≥–∏—á–µ—Å–∫–∏–º –≤–æ–ø—Ä–æ—Å–∞–º —á–µ—Ä–µ–∑ –∏—Å–∫—É—Å—Å—Ç–≤–æ.  </p><p>üìç New Exhibitions</p><p>üíî –£–º–µ—Ä –ú–∏–ª—Ç–æ–Ω –≠—Å—Ç—ç—Ä–æ—É ‚Äî –∂—É—Ä–Ω–∞–ª–∏—Å—Ç ARTnews, –∏–∑–º–µ–Ω–∏–≤—à–∏–π –∞—Ä—Ç-–º–∏—Ä  </p><p>–ò–∑–≤–µ—Å—Ç–Ω—ã–π –ø—É–±–ª–∏—Ü–∏—Å—Ç –∏ –∏–∑–¥–∞—Ç–µ–ª—å Milton Esterow, –∫–æ—Ç–æ—Ä—ã–π –æ–∫–∞–∑–∞–ª –∑–Ω–∞—á–∏—Ç–µ–ª—å–Ω–æ–µ –≤–ª–∏—è–Ω–∏–µ –Ω–∞ –∞—Ä—Ç-–∂—É—Ä–Ω–∞–ª–∏—Å—Ç–∏–∫—É, —Å–∫–æ–Ω—á–∞–ª—Å—è –≤ –≤–æ–∑—Ä–∞—Å—Ç–µ 97 –ª–µ—Ç. –ï–≥–æ —Ä–∞–±–æ—Ç—ã –ø–æ–º–æ–≥–ª–∏ —Ä–∞—Å–∫—Ä—ã—Ç—å –∫–ª—é—á–µ–≤—ã–µ —Ç–µ–º—ã –≤ –∏—Å–∫—É—Å—Å—Ç–≤–µ XX –≤–µ–∫–∞.  </p><p>üìç ARTnews</p><p>üèõÔ∏è –í—ã—Å—Ç–∞–≤–∫–∞ Ala Younis –≤ –ù—å—é-–ô–æ—Ä–∫—Å–∫–æ–º —É–Ω–∏–≤–µ—Ä—Å–∏—Ç–µ—Ç–µ –ê–±—É-–î–∞–±–∏  </p><p>–•—É–¥–æ–∂–Ω–∏—Ü–∞ –∏–∑ –ò–æ—Ä–¥–∞–Ω–∏–∏ Ala Younis –ø—Ä–µ–¥—Å—Ç–∞–≤–∏–ª–∞ –ø—Ä–æ–µ–∫—Ç ¬´Past of a Temporal Universe¬ª –≤ –≥–∞–ª–µ—Ä–µ–µ NYUAD, –≥–¥–µ –∏—Å—Å–ª–µ–¥—É—é—Ç—Å—è –ø–µ—Ä–µ—Å–µ—á–µ–Ω–∏—è –∏—Å—Ç–æ—Ä–∏–∏, –ø–∞–º—è—Ç–∏ –∏ –∫—É–ª—å—Ç—É—Ä—ã —á–µ—Ä–µ–∑ —Å–º–µ—à–∞–Ω–Ω—ã–µ –º–µ–¥–∏–∞ –∏ –∏–Ω—Å—Ç–∞–ª–ª—è—Ü–∏–∏.  </p><p>üìç The National News</p>""}}]","true","Mon Oct 06 2025 04:22:32 GMT+0000 (Coordinated Universal Time)","Mon Oct 06 2025 04:22:32 GMT+0000 (Coordinated Universal Time)","Mon Oct 06 2025 04:22:32 GMT+0000 (Coordinated Universal Time)","cmg3a1nw400009h9arn2nhaae"
"vqhcpnu3h0hlmm7e28xhzncv","üñºÔ∏è Fritz von Uhde (1848-1911) ‚Äî Costureras (Seamstresses)","fritz-von-uhde-1848-1911-costureras-seamstresses","[{""type"":""richText"",""data"":{""html"":""<img src=\""https://txvkqcitalfbjytmnawq.supabase.co//storage/v1/object/public/media/IMG_0579.jpeg\""><p></p>""}},{""type"":""columns"",""data"":{""columns"":[{""html"":""<p>–§—Ä–∏—Ü —Ñ–æ–Ω –£–¥–µ ‚Äî —Ö—É–¥–æ–∂–Ω–∏–∫, –∫–æ—Ç–æ—Ä—ã–π —Å–¥–µ–ª–∞–ª –∫–∞—Ä—å–µ—Ä—É –∫–∞–≤–∞–ª–µ—Ä–∏–π—Å–∫–æ–≥–æ –∫–∞–ø–∏—Ç–∞–Ω–∞, –ø—Ä–µ–∂–¥–µ —á–µ–º –ø–æ–ª–Ω–æ—Å—Ç—å—é –ø–æ—Å–≤—è—Ç–∏—Ç—å —Å–µ–±—è –∂–∏–≤–æ–ø–∏—Å–∏. –ù–µ–º–µ—Ü–∫–∏–π –º–∞—Å—Ç–µ—Ä, –±–∞–ª–∞–Ω—Å–∏—Ä—É—é—â–∏–π –º–µ–∂–¥—É —Ä–µ–∞–ª–∏–∑–º–æ–º –∏ –∏–º–ø—Ä–µ—Å—Å–∏–æ–Ω–∏–∑–º–æ–º, –Ω–∞—à—ë–ª —Å–≤–æ—ë –ø—Ä–∏–∑–≤–∞–Ω–∏–µ –≤ –∏–∑–æ–±—Ä–∞–∂–µ–Ω–∏–∏ —Ç–∏—Ö–æ–π –ø–æ—ç–∑–∏–∏ –ø–æ–≤—Å–µ–¥–Ω–µ–≤–Ω–æ—Å—Ç–∏.</p><p>‚Äú–®–≤–µ–∏‚Äù ‚Äî –ø–∞—Å—Ç–µ–ª—å 1902 –≥–æ–¥–∞, –≥–¥–µ –¥–≤–µ –∂–µ–Ω—â–∏–Ω—ã –∑–∞—Å—Ç—ã–ª–∏ –≤ –º–æ–º–µ–Ω—Ç –ø–µ—Ä–µ–¥–∞—á–∏ –º–∞—Å—Ç–µ—Ä—Å—Ç–≤–∞. –°—Ç–∞—Ä—à–∞—è —à—å—ë—Ç —Å —É–≤–µ—Ä–µ–Ω–Ω–æ—Å—Ç—å—é –ø—Ä–æ–∂–∏—Ç—ã—Ö –ª–µ—Ç, –º–ª–∞–¥—à–∞—è —É—á–∏—Ç—Å—è, –≤–Ω–∏–º–∞—Ç–µ–ª—å–Ω–æ —Å–ª–µ–¥—è –∑–∞ –∫–∞–∂–¥—ã–º —Å—Ç–µ–∂–∫–æ–º. –ü—Ä–∏–≥–ª—É—à—ë–Ω–Ω—ã–π —Å–≤–µ—Ç –∏–∑ –æ–∫–Ω–∞, —Ç—ë–ø–ª—ã–µ –æ—Ö—Ä–∏—Å—Ç—ã–µ —Ç–æ–Ω–∞, –ø—Ä–æ—Å—Ç—ã–µ –ø—Ä–µ–¥–º–µ—Ç—ã –Ω–∞ —Å—Ç–æ–ª–µ ‚Äî –≤—Å—ë —ç—Ç–æ –ø—Ä–µ–≤—Ä–∞—â–∞–µ—Ç –æ–±—ã–¥–µ–Ω–Ω—É—é —Å—Ü–µ–Ω—É –≤ –º–µ–¥–∏—Ç–∞—Ü–∏—é –æ –≤—Ä–µ–º–µ–Ω–∏, —Ç–µ—Ä–ø–µ–Ω–∏–∏ –∏ –Ω–µ–∑—Ä–∏–º–æ–π —Å–≤—è–∑–∏ –ø–æ–∫–æ–ª–µ–Ω–∏–π.</p>""},{""html"":""<p>üñºÔ∏è Fritz von Uhde (1848-1911) ‚Äî Costureras (Seamstresses)</p><p>pastel on paper</p><p>48 x 58 cm (18.9 x 22.8 in)</p><p>Signed and dated lower right, 1902</p><p>üë®‚Äç‚öñÔ∏è Setdart</p><p>üìç Barcelona, Spain</p><p>üìÖ 14 October 2025</p><p>üí∏ Estimate: ‚Ç¨9,000 - ‚Ç¨10,000</p>""}]}}]","true","Tue Oct 07 2025 06:10:38 GMT+0000 (Coordinated Universal Time)","Tue Oct 07 2025 06:10:38 GMT+0000 (Coordinated Universal Time)","Tue Oct 07 2025 06:10:38 GMT+0000 (Coordinated Universal Time)","cmg3a1nw400009h9arn2nhaae"
"eqposzq31k9m1pj172pmbzlk","üñºÔ∏è Karin Kneffel (b. 1957, Germany) ‚Äî Portrait","karin-kneffel-b-1957-germany-portrait","[{""type"":""richText"",""data"":{""html"":""<img src=\""https://txvkqcitalfbjytmnawq.supabase.co//storage/v1/object/public/media/IMG_0582.jpeg\""><p></p>""}},{""type"":""columns"",""data"":{""columns"":[{""html"":""<p>–ö–∞—Ä–∏–Ω –ö–Ω–µ—Ñ—Ñ–µ–ª—å ‚Äî —É—á–µ–Ω–∏—Ü–∞ —Å–∞–º–æ–≥–æ –ì–µ—Ä—Ö–∞—Ä–¥–∞ –†–∏—Ö—Ç–µ—Ä–∞, —Ö—É–¥–æ–∂–Ω–∏—Ü–∞, –∫–æ—Ç–æ—Ä–∞—è –ø—Ä–µ–≤—Ä–∞—â–∞–µ—Ç –æ–±—ã–¥–µ–Ω–Ω–æ–µ –≤ –∑–∞–≥–∞–¥–æ—á–Ω–æ–µ –æ–¥–Ω–∏–º –≤–∑–≥–ª—è–¥–æ–º. –ï—ë –≥–∏–ø–µ—Ä—Ä–µ–∞–ª–∏—Å—Ç–∏—á–Ω—ã–µ —Ä–∞–±–æ—Ç—ã —Å–ª–æ–≤–Ω–æ –∏–∑–ª—É—á–∞—é—Ç —Å—Ç—Ä–∞–Ω–Ω–æ–µ —Å–≤–µ—á–µ–Ω–∏–µ, —Å—Ç–∏—Ä–∞—è –≥—Ä–∞–Ω–∏—Ü—É –º–µ–∂–¥—É –º–∞—Ç–µ—Ä–∏–∞–ª—å–Ω—ã–º –∏ –∏–ª–ª—é–∑–æ—Ä–Ω—ã–º.</p><p>‚Äú–ü–æ—Ä—Ç—Ä–µ—Ç‚Äù 1992 –≥–æ–¥–∞ ‚Äî —ç—Ç–æ –Ω–µ –ø—Ä–æ—Å—Ç–æ –∏–∑–æ–±—Ä–∞–∂–µ–Ω–∏–µ –∫–æ–∑—ã. –≠—Ç–æ –º–µ–¥–∏—Ç–∞—Ü–∏—è –æ –ø—Ä–∏—Ä–æ–¥–µ –≤–∑–≥–ª—è–¥–∞, –æ —Ç–æ–º, –∫–∞–∫ –∂–∏–≤–æ–µ —Å—É—â–µ—Å—Ç–≤–æ —Å–º–æ—Ç—Ä–∏—Ç –Ω–∞ –Ω–∞—Å —Å —Ö–æ–ª—Å—Ç–∞ —Å –ø–æ—á—Ç–∏ —á–µ–ª–æ–≤–µ—á–µ—Å–∫–æ–π –æ—Å–æ–∑–Ω–∞–Ω–Ω–æ—Å—Ç—å—é. –¢–µ—Ö–Ω–∏—á–µ—Å–∫–∏–π –≤–∏—Ä—Ç—É–æ–∑–Ω–æ—Å—Ç—å –ö–Ω–µ—Ñ—Ñ–µ–ª—å —Å–æ–∑–¥–∞—ë—Ç –ø–∞—Ä–∞–¥–æ–∫—Å: —á–µ–º —Ä–µ–∞–ª–∏—Å—Ç–∏—á–Ω–µ–µ –∫–∞—Ä—Ç–∏–Ω–∞, —Ç–µ–º –±–æ–ª–µ–µ —Å—é—Ä—Ä–µ–∞–ª—å–Ω—ã–º –∫–∞–∂–µ—Ç—Å—è –∏–∑–æ–±—Ä–∞–∂—ë–Ω–Ω–æ–µ. –í—Å–µ–≥–æ 20 –Ω–∞ 20 —Å–∞–Ω—Ç–∏–º–µ—Ç—Ä–æ–≤ ‚Äî –∏ —Ü–µ–ª–∞—è –≤—Å–µ–ª–µ–Ω–Ω–∞—è —Å–º—ã—Å–ª–æ–≤.</p>""},{""html"":""<p>üñºÔ∏è Karin Kneffel (b. 1957, Germany) ‚Äî Portrait</p><p>oil on canvas</p><p>20 x 20 cm (7.9 x 7.9 in)</p><p>Signed and dated on the back, 1992</p><p>üë®‚Äç‚öñÔ∏è Setdart</p><p>üìç Barcelona, Spain</p><p>üìÖ 15 October 2025</p><p>üí∏ Estimate: ‚Ç¨8,000 - ‚Ç¨10,000</p>""}]}}]","true","Wed Oct 08 2025 05:08:03 GMT+0000 (Coordinated Universal Time)","Wed Oct 08 2025 05:08:03 GMT+0000 (Coordinated Universal Time)","Wed Oct 08 2025 05:08:03 GMT+0000 (Coordinated Universal Time)","cmg3a1nw400009h9arn2nhaae"
"zmoodjfildwdiuwk7xpprs5g","üñºÔ∏è Banksy (b. 1975) ‚Äî People Who Enjoy Waving Flags Don‚Äôt Deserve To Have One","banksy-b-1975-people-who-enjoy-waving-flags-dont-deserve-to-have-one","[{""type"":""richText"",""data"":{""html"":""<img src=\""https://txvkqcitalfbjytmnawq.supabase.co//storage/v1/object/public/media/IMG_0586.jpeg\""><p></p>""}},{""type"":""columns"",""data"":{""columns"":[{""html"":""<p>–ë—ç–Ω–∫—Å–∏ –≤ –ø—Ä–µ–¥—Å—Ç–∞–≤–ª–µ–Ω–∏–∏ –Ω–µ –Ω—É–∂–¥–∞–µ—Ç—Å—è. –ù–æ –∫–∞–∂–¥—ã–π —Ä–∞–∑ –µ–≥–æ —Ä–∞–±–æ—Ç—ã –Ω–∞–ø–æ–º–∏–Ω–∞—é—Ç ‚Äî –∏—Å–∫—É—Å—Å—Ç–≤–æ —ç—Ç–æ –Ω–µ –ø—Ä–æ –∫—Ä–∞—Å–æ—Ç—É, –∞ –ø—Ä–æ –≤–æ–ø—Ä–æ—Å—ã, –∫–æ—Ç–æ—Ä—ã–µ –º—ã –±–æ–∏–º—Å—è –∑–∞–¥–∞—Ç—å –≤—Å–ª—É—Ö. ‚ÄúPeople Who Enjoy Waving Flags Don‚Äôt Deserve To Have One‚Äù ‚Äî –ø—Ä–æ–≤–æ–∫–∞—Ü–∏—è 2003 –≥–æ–¥–∞, –∫–æ–≥–¥–∞ –≤–µ—Å—å –º–∏—Ä —Ä–∞–∑–º–∞—Ö–∏–≤–∞–ª —Ñ–ª–∞–≥–∞–º–∏ –≤–æ –∏–º—è –ø–∞—Ç—Ä–∏–æ—Ç–∏–∑–º–∞, –∑–∞–±—ã–≤–∞—è —Å–ø—Ä–æ—Å–∏—Ç—å: –∞ —á—Ç–æ –∑–∞ —ç—Ç–∏–º —Å—Ç–æ–∏—Ç?</p><p>–ù–∞–π–¥–µ–Ω–Ω—ã–π —Ñ–ª–∞–≥ –°–≤—è—Ç–æ–≥–æ –ì–µ–æ—Ä–≥–∏—è, –ø—Ä–µ–≤—Ä–∞—â—ë–Ω–Ω—ã–π –≤ –≤—ã—Å–∫–∞–∑—ã–≤–∞–Ω–∏–µ —á–µ—Ä–µ–∑ —Å–ø—Ä–µ–π-–∫—Ä–∞—Å–∫—É. –ë—ç–Ω–∫—Å–∏ –±–µ—Ä—ë—Ç —Å–∏–º–≤–æ–ª –Ω–∞—Ü–∏–æ–Ω–∞–ª—å–Ω–æ–π –≥–æ—Ä–¥–æ—Å—Ç–∏ –∏ –∑–∞–¥–∞—ë—Ç –Ω–µ—É–¥–æ–±–Ω—ã–π –≤–æ–ø—Ä–æ—Å: –∞ –∫–æ–º—É –≤–æ–æ–±—â–µ –Ω—É–∂–Ω—ã —Ñ–ª–∞–≥–∏? –£–Ω–∏–∫–∞–ª—å–Ω–∞—è —Ä–∞–±–æ—Ç–∞ –∏–∑ —Å–µ—Ä–∏–∏, —Å–æ–∑–¥–∞–Ω–Ω–∞—è –≤ –º–æ–º–µ–Ω—Ç, –∫–æ–≥–¥–∞ —Ö—É–¥–æ–∂–Ω–∏–∫ –µ—â—ë —Ç–æ–ª—å–∫–æ —Å—Ç–∞–Ω–æ–≤–∏–ª—Å—è –ª–µ–≥–µ–Ω–¥–æ–π.</p>""},{""html"":""<p>üñºÔ∏è Banksy (b. 1975) ‚Äî People Who Enjoy Waving Flags Don‚Äôt Deserve To Have One</p><p>spray paint on found St. George‚Äôs Cross Flag</p><p>132 x 95 cm (51 7/8 x 37 3/8 in)</p><p>Executed in 2003</p><p>Unique work from a series</p><p>üë®‚Äç‚öñÔ∏è Bonhams</p><p>üìç London, New Bond Street</p><p>üìÖ 17 October 2025</p><p>üí∏ Estimate: ¬£50,000 - ¬£70,000</p>""}]}}]","true","Thu Oct 09 2025 03:46:06 GMT+0000 (Coordinated Universal Time)","Thu Oct 09 2025 03:46:06 GMT+0000 (Coordinated Universal Time)","Thu Oct 09 2025 03:46:06 GMT+0000 (Coordinated Universal Time)","cmg3a1nw400009h9arn2nhaae"
"by0ixnihdbk6lx31bah9zqpf","üé® –ö—É–ª—å—Ç—É—Ä–Ω—ã–µ –Ω–æ–≤–æ—Å—Ç–∏ | 10 –æ–∫—Ç—è–±—Ä—è 2025  ","kulturnye-novosti-10-oktyabrya-2025","[{""type"":""richText"",""data"":{""html"":""<img src=\""https://txvkqcitalfbjytmnawq.supabase.co//storage/v1/object/public/media/IMG_0589.png\""><p></p>""}},{""type"":""richText"",""data"":{""html"":""<p>üì∞ –ì–õ–ê–í–ù–û–ï –ó–ê –î–ï–ù–¨:</p><p>üí° 10 –∫–ª—é—á–µ–≤—ã—Ö –∞—Ä—Ç-—Ç—Ä–µ–Ω–¥–æ–≤ 2025 –≥–æ–¥–∞</p><p>–ò—Å—Å–ª–µ–¥–æ–≤–∞–Ω–∏–µ –≤—ã–¥–µ–ª—è–µ—Ç —Ç—Ä–∏ –≥–ª–∞–≤–Ω—ã—Ö —Ç–µ–Ω–¥–µ–Ω—Ü–∏–∏: —Ä–æ—Å—Ç –±–∏–æ—Ñ–∏–ª—å–Ω–æ–≥–æ –∏—Å–∫—É—Å—Å—Ç–≤–∞ –∏ —ç–∫–æ–ª–æ–≥–∏—á–µ—Å–∫–æ–π –æ—Ç–≤–µ—Ç—Å—Ç–≤–µ–Ω–Ω–æ—Å—Ç–∏, –∞–∫—Ç–∏–≤–Ω–æ–µ –≤–æ–≤–ª–µ—á–µ–Ω–∏–µ —Å–æ–æ–±—â–µ—Å—Ç–≤ –≤ —Ç–≤–æ—Ä—á–µ—Å—Ç–≤–æ –∏ –∏–Ω—Ç–µ–≥—Ä–∞—Ü–∏—è –Ω–æ–≤—ã—Ö —Ç–µ—Ö–Ω–æ–ª–æ–≥–∏–π. –≠—Ç–∏ —Ç—Ä–µ–Ω–¥—ã —Ñ–æ—Ä–º–∏—Ä—É—é—Ç –±–æ–ª–µ–µ —É—Å—Ç–æ–π—á–∏–≤–æ–µ –∏ —Å–æ—Ü–∏–∞–ª—å–Ω–æ –∑–Ω–∞—á–∏–º–æ–µ –∏—Å–∫—É—Å—Å—Ç–≤–æ, –æ—Ç–≤–µ—á–∞—é—â–µ–µ —Å–æ–≤—Ä–µ–º–µ–Ω–Ω—ã–º –∫—É–ª—å—Ç—É—Ä–Ω—ã–º –æ–∂–∏–¥–∞–Ω–∏—è–º.</p><p>üìç <a target=\""_blank\"" rel=\""noopener noreferrer nofollow\"" href=\""‚Äúhttps://ubertrends.com/10-art-trends-shaping-the-future-of-creativity-in-2025/‚Äú\"">UberTrends</a></p><p>üèõÔ∏è –°–∞–º—ã–µ —è—Ä–∫–∏–µ –≤—ã—Å—Ç–∞–≤–∫–∏ –æ–∫—Ç—è–±—Ä—è 2025</p><p>–°—Ä–µ–¥–∏ –≥–ª–∞–≤–Ω—ã—Ö —Å–æ–±—ã—Ç–∏–π ‚Äî –º–∞—Å—à—Ç–∞–±–Ω–∞—è —Ä–µ—Ç—Ä–æ—Å–ø–µ–∫—Ç–∏–≤–∞ –õ–∏ –ú–∏–ª–ª–µ—Ä –≤ Tate Britain (–õ–æ–Ω–¥–æ–Ω), –æ—Ç–∫—Ä—ã—Ç–∏–µ –Ω–æ–≤–æ–≥–æ –≥–∞–ª–µ—Ä–µ–π–Ω–æ–≥–æ –ø—Ä–æ—Å—Ç—Ä–∞–Ω—Å—Ç–≤–∞ –≤ –ü–∞—Ä–∏–∂–µ –∏ —é–±–∏–ª–µ–π –∫—É–ª—å—Ç—É—Ä–Ω–æ–≥–æ —Ü–µ–Ω—Ç—Ä–∞ –≤ –õ–∏–≤–∞–Ω–µ. –í—ã—Å—Ç–∞–≤–∫–∞ –ú–∏–ª–ª–µ—Ä –ø—Ä–µ–¥—Å—Ç–∞–≤–ª—è–µ—Ç –±–æ–ª–µ–µ 250 —Ä–∞–±–æ—Ç, –≤–∫–ª—é—á–∞—è —Ä–∞–Ω–µ–µ –Ω–µ –ø–æ–∫–∞–∑–∞–Ω–Ω—ã–µ —Ñ–æ—Ç–æ–≥—Ä–∞—Ñ–∏–∏ –≤–æ–µ–Ω–Ω–æ–≥–æ –≤—Ä–µ–º–µ–Ω–∏.</p><p>üìç Citizen Femme</p><p>üí∞ Phillips –≥–æ—Ç–æ–≤–∏—Ç —Å–µ—Ä–∏—é –æ–Ω–ª–∞–π–Ω-–∞—É–∫—Ü–∏–æ–Ω–æ–≤ —Å 14 –ø–æ 24 –æ–∫—Ç—è–±—Ä—è</p><p>–í –õ–æ–Ω–¥–æ–Ω–µ –ø—Ä–æ–π–¥–µ—Ç –Ω–µ—Å–∫–æ–ª—å–∫–æ –æ–Ω–ª–∞–π–Ω-—Ç–æ—Ä–≥–æ–≤ –ø–æ —Å–æ–≤—Ä–µ–º–µ–Ω–Ω–æ–º—É –∏ –∫–ª–∞—Å—Å–∏—á–µ—Å–∫–æ–º—É –∏—Å–∫—É—Å—Å—Ç–≤—É —Å –¥–æ—Å—Ç—É–ø–æ–º –∫ –ø—Ä–æ—Å–º–æ—Ç—Ä–∞–º —É–∂–µ —Å 9 –æ–∫—Ç—è–±—Ä—è, —á—Ç–æ —É—Å–∏–ª–∏–≤–∞–µ—Ç –≥–ª–æ–±–∞–ª—å–Ω—É—é –¥–∏–Ω–∞–º–∏–∫—É –∞—Ä—Ç-—Ä—ã–Ω–∫–∞.</p><p>üìç Phillips</p><p>üè† London | The Other Art Fair 9-12 –æ–∫—Ç—è–±—Ä—è</p><p>–ö—Ä—É–ø–Ω–∞—è —è—Ä–º–∞—Ä–∫–∞ –¥–ª—è –æ—Ç–∫—Ä—ã—Ç–∏—è –∏ –ø–æ–∫—É–ø–∫–∏ —Ä–∞–±–æ—Ç –Ω–æ–≤—ã—Ö —Ö—É–¥–æ–∂–Ω–∏–∫–æ–≤ –∏–∑ —Ä–∞–∑–Ω—ã—Ö —Å—Ç—Ä–∞–Ω, –ø—Ä–æ—Ö–æ–¥—è—â–∞—è –≤ –õ–æ–Ω–¥–æ–Ω–µ. –°–æ–±—ã—Ç–∏–µ –ø—Ä–µ–¥–æ—Å—Ç–∞–≤–ª—è–µ—Ç –ø–ª–∞—Ç—Ñ–æ—Ä–º—É –¥–ª—è –º–æ–ª–æ–¥—ã—Ö —Ç–∞–ª–∞–Ω—Ç–æ–≤ –∏ –≤–æ–∑–º–æ–∂–Ω–æ—Å—Ç—å –ø—Ä—è–º–æ–≥–æ –≤–∑–∞–∏–º–æ–¥–µ–π—Å—Ç–≤–∏—è —Å –∫–æ–ª–ª–µ–∫—Ü–∏–æ–Ω–µ—Ä–∞–º–∏.</p><p>üìç The Other Art Fair</p><p>üíî –ü–∞–º—è—Ç–∏ –ú–∏–ª—Ç–æ–Ω–∞ –≠—Å—Ç—ç—Ä–æ—É ‚Äî –∑–Ω–∞–∫–æ–≤–æ–≥–æ –∞—Ä—Ç-–∂—É—Ä–Ω–∞–ª–∏—Å—Ç–∞</p><p>–í –≤–æ–∑—Ä–∞—Å—Ç–µ 97 –ª–µ—Ç —É—à—ë–ª –∏–∑ –∂–∏–∑–Ω–∏ –ú–∏–ª—Ç–æ–Ω –≠—Å—Ç—ç—Ä–æ—É, —á–µ–π –≤–∫–ª–∞–¥ –≤ –æ—Å–≤–µ—â–µ–Ω–∏–µ –∏ —Ä–∞–∑–≤–∏—Ç–∏–µ —Å–æ–≤—Ä–µ–º–µ–Ω–Ω–æ–≥–æ –∏—Å–∫—É—Å—Å—Ç–≤–∞ –±—ã–ª —Ñ—É–Ω–¥–∞–º–µ–Ω—Ç–∞–ª—å–Ω—ã–º –¥–ª—è –º–Ω–æ–≥–∏—Ö –ø–æ–∫–æ–ª–µ–Ω–∏–π –∏—Å—Å–ª–µ–¥–æ–≤–∞—Ç–µ–ª–µ–π –∏ –∫–æ–ª–ª–µ–∫—Ü–∏–æ–Ω–µ—Ä–æ–≤.</p><p>üìç ARTnews</p>""}}]","true","Fri Oct 10 2025 05:34:52 GMT+0000 (Coordinated Universal Time)","Fri Oct 10 2025 05:32:21 GMT+0000 (Coordinated Universal Time)","Fri Oct 10 2025 05:34:52 GMT+0000 (Coordinated Universal Time)","cmg3a1nw400009h9arn2nhaae"
"cpb2c7e5xmks5llb0ieccc3i","üñºÔ∏è Bernard Buffet (1928-1999) ‚Äî Magny, le ch√¢teau Valois","bernard-buffet-1928-1999-magny-le-chteau-valois","[{""type"":""richText"",""data"":{""html"":""<img src=\""https://txvkqcitalfbjytmnawq.supabase.co//storage/v1/object/public/media/IMG_0596.jpeg\""><p></p>""}},{""type"":""columns"",""data"":{""columns"":[{""html"":""<p>–ë–µ—Ä–Ω–∞—Ä –ë—é—Ñ—Ñ–µ ‚Äî —Ö—É–¥–æ–∂–Ω–∏–∫, –∫–æ—Ç–æ—Ä—ã–π –ø—Ä–µ–≤—Ä–∞—Ç–∏–ª –º–µ–ª–∞–Ω—Ö–æ–ª–∏—é –≤ —Å—Ç–∏–ª—å. –§—Ä–∞–Ω—Ü—É–∑—Å–∫–∏–π –º–∞—Å—Ç–µ—Ä –ø–æ—Å–ª–µ–≤–æ–µ–Ω–Ω–æ–≥–æ –ø–µ—Ä–∏–æ–¥–∞, —á—å–∏ –æ—Å—Ç—Ä—ã–µ –ª–∏–Ω–∏–∏ –∏ –º—Ä–∞—á–Ω—ã–µ —Ç–æ–Ω–∞ —Å—Ç–∞–ª–∏ –≤–∏–∑–∏—Ç–Ω–æ–π –∫–∞—Ä—Ç–æ—á–∫–æ–π —Ü–µ–ª–æ–π —ç–ø–æ—Ö–∏. –ï–≥–æ —Ä–∞–±–æ—Ç—ã —Å–ª–æ–≤–Ω–æ –ø—Ä–æ–ø–∏—Ç–∞–Ω—ã —Ö–æ–ª–æ–¥–æ–º –∑–∏–º–Ω–µ–≥–æ –≤–æ–∑–¥—É—Ö–∞ –∏ —Ç–∏—à–∏–Ω–æ–π –æ–ø—É—Å—Ç–µ–≤—à–∏—Ö —É–ª–∏—Ü.</p><p>‚ÄúMagny, le ch√¢teau Valois‚Äù 1976 –≥–æ–¥–∞ ‚Äî —ç—Ç–æ –∑–∏–º–Ω–∏–π –ø–µ–π–∑–∞–∂, –≥–¥–µ –≤–µ–ª–∏—á–µ—Å—Ç–≤–µ–Ω–Ω—ã–π –æ—Å–æ–±–Ω—è–∫ –∑–∞—Å—Ç—ã–ª –≤ –æ–∂–∏–¥–∞–Ω–∏–∏ –≤–µ—Å–Ω—ã. –û–±–Ω–∞–∂—ë–Ω–Ω—ã–µ –¥–µ—Ä–µ–≤—å—è, —Å–Ω–µ–≥ –Ω–∞ –∫—Ä—ã—à–∞—Ö, –ª–µ—Å—Ç–Ω–∏—Ü–∞ —É —Å—Ç–µ–Ω—ã ‚Äî –≤—Å—ë —Ä–∞—Å—Å–∫–∞–∑—ã–≤–∞–µ—Ç –∏—Å—Ç–æ—Ä–∏—é –æ –≤—Ä–µ–º–µ–Ω–∏, —á—Ç–æ –æ—Å—Ç–∞–Ω–æ–≤–∏–ª–æ—Å—å. –ë—é—Ñ—Ñ–µ —É–º–µ–ª –Ω–∞—Ö–æ–¥–∏—Ç—å –∫—Ä–∞—Å–æ—Ç—É –≤ –∑–∞–ø—É—Å—Ç–µ–Ω–∏–∏, –ø—Ä–µ–≤—Ä–∞—â–∞—è –∞—Ä—Ö–∏—Ç–µ–∫—Ç—É—Ä—É –≤ –ø–æ—Ä—Ç—Ä–µ—Ç —É—à–µ–¥—à–µ–π —ç–ø–æ—Ö–∏.</p>""},{""html"":""<p>üñºÔ∏è Bernard Buffet (1928-1999) ‚Äî Magny, le ch√¢teau Valois</p><p>oil on canvas</p><p>89.2 x 130.5 cm (35 1‚ÅÑ8 x 51 3‚ÅÑ8 in)</p><p>Signed ‚ÄòBernard Buffet‚Äô (upper left) and dated ‚Äò1976‚Äô (upper right)</p><p>Painted in 1976</p><p>üë®‚Äç‚öñÔ∏è Christie‚Äôs</p><p>üìç London</p><p>üìÖ 17 October 2025</p><p>üí∏ Estimate: ¬£50,000 - ¬£70,000</p>""}]}}]","true","Sat Oct 11 2025 06:55:30 GMT+0000 (Coordinated Universal Time)","Sat Oct 11 2025 06:54:47 GMT+0000 (Coordinated Universal Time)","Sat Oct 11 2025 06:55:30 GMT+0000 (Coordinated Universal Time)","cmg3a1nw400009h9arn2nhaae"
"hmlwnmnwz9aqe6ow6p9sxqsf","üë®‚Äç‚öñÔ∏è Sotheby‚Äôs: –û—Ç —Ä—É–∫–æ–ø–∏—Å–µ–π –¥–æ –ú—É–Ω–∫–∞","sothebys-ot-rukopisey-do-munka","[{""type"":""richText"",""data"":{""html"":""<h2>–≠–≤–æ–ª—é—Ü–∏—è —Å—Ç–∞—Ä–µ–π—à–µ–≥–æ –∞—É–∫—Ü–∏–æ–Ω–Ω–æ–≥–æ –¥–æ–º–∞ –∏ –µ–≥–æ —Ä–æ–ª—å –≤ –≥–ª–æ–±–∞–ª—å–Ω–æ–π –∞—Ä—Ç-—Ç–æ—Ä–≥–æ–≤–ª–µ</h2><p>–í –º–∏—Ä–µ, –≥–¥–µ –∏—Å–∫—É—Å—Å—Ç–≤–æ –¥–∞–≤–Ω–æ –ø–µ—Ä–µ—Å—Ç–∞–ª–æ –±—ã—Ç—å —Ç–æ–ª—å–∫–æ —ç—Å—Ç–µ—Ç–∏—á–µ—Å–∫–∏–º –æ–±—ä–µ–∫—Ç–æ–º –∏ –ø—Ä–µ–≤—Ä–∞—Ç–∏–ª–æ—Å—å –≤ –∞–ª—å—Ç–µ—Ä–Ω–∞—Ç–∏–≤–Ω—ã–π –∫–ª–∞—Å—Å –∞–∫—Ç–∏–≤–æ–≤, Sotheby‚Äôs –æ—Å—Ç–∞–µ—Ç—Å—è –æ–¥–Ω–∏–º –∏–∑ –∫–ª—é—á–µ–≤—ã—Ö –∏–≥—Ä–æ–∫–æ–≤, –æ–ø—Ä–µ–¥–µ–ª—è—é—â–∏—Ö –ø—Ä–∞–≤–∏–ª–∞ –≥–ª–æ–±–∞–ª—å–Ω–æ–π –∞—Ä—Ç-—Ç–æ—Ä–≥–æ–≤–ª–∏. –ó–∞ –ø–æ—á—Ç–∏ —Ç—Ä–∏ —Å—Ç–æ–ª–µ—Ç–∏—è —Å—É—â–µ—Å—Ç–≤–æ–≤–∞–Ω–∏—è —ç—Ç–æ—Ç –∞—É–∫—Ü–∏–æ–Ω–Ω—ã–π –¥–æ–º –ø—Ä–æ—à–µ–ª –ø—É—Ç—å –æ—Ç —Å–∫—Ä–æ–º–Ω–æ–π –∫–Ω–∏–∂–Ω–æ–π –ª–∞–≤–∫–∏ –≤ –õ–æ–Ω–¥–æ–Ω–µ –¥–æ —Ç—Ä–∞–Ω—Å–Ω–∞—Ü–∏–æ–Ω–∞–ª—å–Ω–æ–π –∫–æ—Ä–ø–æ—Ä–∞—Ü–∏–∏ —Å –º–∏–ª–ª–∏–∞—Ä–¥–Ω—ã–º–∏ –æ–±–æ—Ä–æ—Ç–∞–º–∏. –ò—Å—Ç–æ—Ä–∏—è Sotheby‚Äôs ‚Äî —ç—Ç–æ –Ω–µ –ø—Ä–æ—Å—Ç–æ —Ö—Ä–æ–Ω–∏–∫–∞ –∞—É–∫—Ü–∏–æ–Ω–æ–≤; —ç—Ç–æ –∑–µ—Ä–∫–∞–ª–æ, –æ—Ç—Ä–∞–∂–∞—é—â–µ–µ —Ç—Ä–∞–Ω—Å—Ñ–æ—Ä–º–∞—Ü–∏—é –∫—É–ª—å—Ç—É—Ä–Ω—ã—Ö —Ü–µ–Ω–Ω–æ—Å—Ç–µ–π, —ç–∫–æ–Ω–æ–º–∏—á–µ—Å–∫–∏—Ö –ø—Ä–∏–æ—Ä–∏—Ç–µ—Ç–æ–≤ –∏ —Å–∞–º–æ–π –ø—Ä–∏—Ä–æ–¥—ã –∫–æ–ª–ª–µ–∫—Ü–∏–æ–Ω–∏—Ä–æ–≤–∞–Ω–∏—è. –î–ª—è –∏–Ω–≤–µ—Å—Ç–æ—Ä–æ–≤ –≤ –∏—Å–∫—É—Å—Å—Ç–≤–æ –ø–æ–Ω–∏–º–∞–Ω–∏–µ —ç–≤–æ–ª—é—Ü–∏–∏ —ç—Ç–æ–≥–æ –∏–Ω—Å—Ç–∏—Ç—É—Ç–∞ –∫—Ä–∏—Ç–∏—á–µ—Å–∫–∏ –≤–∞–∂–Ω–æ: –∏–º–µ–Ω–Ω–æ –∑–¥–µ—Å—å —Ñ–æ—Ä–º–∏—Ä–æ–≤–∞–ª–∏—Å—å —Ü–µ–Ω–æ–≤—ã–µ —Ä–µ–∫–æ—Ä–¥—ã, —Å–æ–∑–¥–∞–≤–∞–ª–∏—Å—å —Å—Ç–∞–Ω–¥–∞—Ä—Ç—ã —ç–∫—Å–ø–µ—Ä—Ç–∏–∑—ã –∏ –ø—Ä–æ–∏—Å—Ö–æ–¥–∏–ª–∏ —Å–∫–∞–Ω–¥–∞–ª—ã, –∏–∑–º–µ–Ω–∏–≤—à–∏–µ –∏–Ω–¥—É—Å—Ç—Ä–∏—é –Ω–∞–≤—Å–µ–≥–¥–∞.</p><p></p>""}},{""type"":""richText"",""data"":{""html"":""<img src=\""https://txvkqcitalfbjytmnawq.supabase.co//storage/v1/object/public/media/IMG_0611.jpeg\""><p></p>""}},{""type"":""richText"",""data"":{""html"":""<h2>–ö–æ—Ä–Ω–∏ –ù–∞—Å–ª–µ–¥–∏—è: –û—Å–Ω–æ–≤–∞–Ω–∏–µ –≤ –≠–ø–æ—Ö—É –ü—Ä–æ—Å–≤–µ—â–µ–Ω–∏—è (1744-1900)</h2><h3>–ù–∞—á–∞–ª–æ –õ–µ–≥–µ–Ω–¥—ã: –°—ç–º—é—ç–ª –ë–µ–π–∫–µ—Ä –∏ –ø–µ—Ä–≤–∞—è –±–∏–±–ª–∏–æ—Ç–µ–∫–∞ –î–∂–æ–Ω–∞ –°—Ç—ç–Ω–ª–∏</h3><p>–ò—Å—Ç–æ—Ä–∏—è Sotheby‚Äôs –Ω–∞—á–∏–Ω–∞–µ—Ç—Å—è –≤ 1744 –≥–æ–¥—É, –∫–æ–≥–¥–∞ –ª–æ–Ω–¥–æ–Ω—Å–∫–∏–π –∫–Ω–∏–≥–æ—Ç–æ—Ä–≥–æ–≤–µ—Ü –°—ç–º—é—ç–ª –ë–µ–π–∫–µ—Ä –ø—Ä–æ–≤–µ–ª —Å–≤–æ–π –ø–µ—Ä–≤—ã–π –∞—É–∫—Ü–∏–æ–Ω. –≠—Ç–æ —Å–æ–±—ã—Ç–∏–µ –ø—Ä–æ–∏–∑–æ—à–ª–æ –∑–∞–¥–æ–ª–≥–æ –¥–æ —Ñ–æ—Ä–º–∏—Ä–æ–≤–∞–Ω–∏—è —Å–æ–≤—Ä–µ–º–µ–Ω–Ω–æ–≥–æ –∞—Ä—Ç-—Ä—ã–Ω–∫–∞, –≤ —ç–ø–æ—Ö—É, –∫–æ–≥–¥–∞ –≥–ª–∞–≤–Ω—ã–º–∏ –æ–±—ä–µ–∫—Ç–∞–º–∏ –∫–æ–ª–ª–µ–∫—Ü–∏–æ–Ω–∏—Ä–æ–≤–∞–Ω–∏—è –æ—Å—Ç–∞–≤–∞–ª–∏—Å—å —Ä–µ–¥–∫–∏–µ –∫–Ω–∏–≥–∏, —Ä—É–∫–æ–ø–∏—Å–∏ –∏ –≥—Ä–∞–≤—é—Ä—ã. –ü–µ—Ä–≤–∞—è —Ä–∞—Å–ø—Ä–æ–¥–∞–∂–∞ –≤–∫–ª—é—á–∞–ª–∞ –±–∏–±–ª–∏–æ—Ç–µ–∫—É ¬´–Ω–µ—Å–∫–æ–ª—å–∫–∏—Ö —Å–æ—Ç–µ–Ω —Ü–µ–Ω–Ω—ã—Ö –∫–Ω–∏–≥¬ª –∏ —Å–æ—Å—Ç–æ—è–ª–∞—Å—å –≤ –¥–æ–º–µ –ë–µ–π–∫–µ—Ä–∞ –Ω–∞ –ô–æ—Ä–∫-—Å—Ç—Ä–∏—Ç –≤ –ª–æ–Ω–¥–æ–Ω—Å–∫–æ–º —Ä–∞–π–æ–Ω–µ –ö–æ–≤–µ–Ω—Ç-–ì–∞—Ä–¥–µ–Ω.</p><p>–ö–æ–Ω—Ç–µ–∫—Å—Ç —ç–ø–æ—Ö–∏ –∏–º–µ–µ—Ç –∑–Ω–∞—á–µ–Ω–∏–µ: —Å–µ—Ä–µ–¥–∏–Ω–∞ XVIII –≤–µ–∫–∞ ‚Äî –≤—Ä–µ–º—è —Ä–∞—Å—Ü–≤–µ—Ç–∞ –ü—Ä–æ—Å–≤–µ—â–µ–Ω–∏—è, –∫–æ–≥–¥–∞ —á–∞—Å—Ç–Ω—ã–µ –±–∏–±–ª–∏–æ—Ç–µ–∫–∏ —Å—Ç–∞–Ω–æ–≤–∏–ª–∏—Å—å —Å–∏–º–≤–æ–ª–æ–º –∏–Ω—Ç–µ–ª–ª–µ–∫—Ç—É–∞–ª—å–Ω–æ–≥–æ —Å—Ç–∞—Ç—É—Å–∞. –ê—É–∫—Ü–∏–æ–Ω—ã —Ä–µ–¥–∫–∏—Ö –∏–∑–¥–∞–Ω–∏–π —Å–ª—É–∂–∏–ª–∏ –Ω–µ —Ç–æ–ª—å–∫–æ –∫–æ–º–º–µ—Ä—á–µ—Å–∫–∏–º —Ü–µ–ª–æ–º, –Ω–æ –∏ –º–µ—Ö–∞–Ω–∏–∑–º–æ–º —Ä–∞—Å–ø—Ä–æ—Å—Ç—Ä–∞–Ω–µ–Ω–∏—è –∑–Ω–∞–Ω–∏–π —Å—Ä–µ–¥–∏ –æ–±—Ä–∞–∑–æ–≤–∞–Ω–Ω–æ–π —ç–ª–∏—Ç—ã. –ë–µ–π–∫–µ—Ä —Å–ø–µ—Ü–∏–∞–ª–∏–∑–∏—Ä–æ–≤–∞–ª—Å—è –Ω–∞ –ø—Ä–æ–¥–∞–∂–µ –∫–Ω–∏–≥ –∏ –≥—Ä–∞–≤—é—Ä, –∑–∞–∫–ª–∞–¥—ã–≤–∞—è –æ—Å–Ω–æ–≤—É —Ç–æ–≥–æ, —á—Ç–æ –ø–æ–∑–∂–µ —Å—Ç–∞–Ω–µ—Ç –≥–ª–æ–±–∞–ª—å–Ω–æ–π –∏–º–ø–µ—Ä–∏–µ–π.</p><p>–í–∞–∂–Ω—ã–π –º–æ–º–µ–Ω—Ç –¥–ª—è –ø–æ–Ω–∏–º–∞–Ω–∏—è –∏–Ω–≤–µ—Å—Ç–∏—Ü–∏–æ–Ω–Ω–æ–π —Å—Ç—Ä–∞—Ç–µ–≥–∏–∏: —Å —Å–∞–º–æ–≥–æ –Ω–∞—á–∞–ª–∞ –∞—É–∫—Ü–∏–æ–Ω–Ω—ã–π –¥–æ–º —Ñ–æ–∫—É—Å–∏—Ä–æ–≤–∞–ª—Å—è –Ω–∞ –ø—Ä–æ–≤–µ–Ω–∞–Ω—Å–µ ‚Äî –ø—Ä–æ–∏—Å—Ö–æ–∂–¥–µ–Ω–∏–∏ –∏ –∏—Å—Ç–æ—Ä–∏–∏ –≤–ª–∞–¥–µ–Ω–∏—è –æ–±—ä–µ–∫—Ç–∞–º–∏. –≠—Ç–æ –Ω–µ —Å–ª—É—á–∞–π–Ω–æ: –ø—Ä–æ–≤–µ–Ω–∞–Ω—Å –ø–æ–≤—ã—à–∞–µ—Ç —Ü–µ–Ω–Ω–æ—Å—Ç—å –ª–æ—Ç–∞, —Å–æ–∑–¥–∞–≤–∞—è –∏—Å—Ç–æ—Ä–∏—á–µ—Å–∫—É—é –∏ –∫—É–ª—å—Ç—É—Ä–Ω—É—é –Ω–∞—Ä—Ä–∞—Ç–∏–≤, —á—Ç–æ –æ—Å—Ç–∞–µ—Ç—Å—è –∞–∫—Ç—É–∞–ª—å–Ω—ã–º –∏ —Å–µ–≥–æ–¥–Ω—è.</p><p>–°–µ–º–µ–π–Ω–∞—è –î–∏–Ω–∞—Å—Ç–∏—è: –ü–µ—Ä–µ—Ö–æ–¥ –∫ –î–∂. –°–æ—Ç–±–∏ –∏ —Å–ø–µ—Ü–∏–∞–ª–∏–∑–∞—Ü–∏—è –Ω–∞ —Ä–µ–¥–∫–∏—Ö –∫–Ω–∏–≥–∞—Ö –∏ —Ä—É–∫–æ–ø–∏—Å—è—Ö</p><p>–ü–æ—Å–ª–µ —Å–º–µ—Ä—Ç–∏ –ë–µ–π–∫–µ—Ä–∞ –≤ 1778 –≥–æ–¥—É –±–∏–∑–Ω–µ—Å –ø–µ—Ä–µ—à–µ–ª –∫ –µ–≥–æ –ø–∞—Ä—Ç–Ω–µ—Ä—É –î–∂–æ—Ä–¥–∂—É –õ–∏, –∞ –∑–∞—Ç–µ–º –∫ –ø–ª–µ–º—è–Ω–Ω–∏–∫—É –ë–µ–π–∫–µ—Ä–∞ –î–∂–æ–Ω—É –°–æ—Ç–±–∏ (John Sotheby), —á—å–µ –∏–º—è –¥–æ–º –Ω–æ—Å–∏—Ç –ø–æ —Å–µ–π –¥–µ–Ω—å. –≠—Ç–æ—Ç –ø–µ—Ä–µ—Ö–æ–¥ –º–∞—Ä–∫–∏—Ä—É–µ—Ç –Ω–∞—á–∞–ª–æ –¥–∏–Ω–∞—Å—Ç–∏—á–µ—Å–∫–æ–≥–æ –ø—Ä–∏–Ω—Ü–∏–ø–∞ —É–ø—Ä–∞–≤–ª–µ–Ω–∏—è, –∫–æ—Ç–æ—Ä—ã–π –±—É–¥–µ—Ç –æ–ø—Ä–µ–¥–µ–ª—è—Ç—å —Å—Ç—Ä—É–∫—Ç—É—Ä—É –∞—É–∫—Ü–∏–æ–Ω–Ω–æ–≥–æ –¥–æ–º–∞ –≤–ø–ª–æ—Ç—å –¥–æ XX –≤–µ–∫–∞.</p><p>–ù–∞ –ø—Ä–æ—Ç—è–∂–µ–Ω–∏–∏ XIX –≤–µ–∫–∞ Sotheby‚Äôs —É—Ç–≤–µ—Ä–¥–∏–ª—Å—è –∫–∞–∫ –≤–µ–¥—É—â–∏–π –∞—É–∫—Ü–∏–æ–Ω–Ω—ã–π –¥–æ–º –ø–æ –ø—Ä–æ–¥–∞–∂–µ –∫–Ω–∏–≥, —Ä—É–∫–æ–ø–∏—Å–µ–π –∏ –∞–Ω—Ç–∏–∫–≤–∞—Ä–∏–∞—Ç–∞. –°—Ä–µ–¥–∏ –∑–Ω–∞–∫–æ–≤—ã—Ö —Å–æ–±—ã—Ç–∏–π —ç—Ç–æ–≥–æ –ø–µ—Ä–∏–æ–¥–∞:</p><p>\t‚Ä¢\t1842 –≥–æ–¥: –ü—Ä–æ–¥–∞–∂–∞ –±–∏–±–ª–∏–æ—Ç–µ–∫–∏ –≥–µ—Ä—Ü–æ–≥–∞ –°–∞—Å—Å–µ–∫—Å–∫–æ–≥–æ, —Å—ã–Ω–∞ –∫–æ—Ä–æ–ª—è –ì–µ–æ—Ä–≥–∞ III, –æ–¥–Ω–∞ –∏–∑ —Å–∞–º—ã—Ö –∑–Ω–∞—á–∏—Ç–µ–ª—å–Ω—ã—Ö –∫–Ω–∏–∂–Ω—ã—Ö —Ä–∞—Å–ø—Ä–æ–¥–∞–∂ –≤–µ–∫–∞</p><p>\t‚Ä¢\t1864 –≥–æ–¥: –†–∞—Å–ø—Ä–æ–¥–∞–∂–∞ –∫–æ–ª–ª–µ–∫—Ü–∏–∏ –∞–Ω—Ç–∏–∫–≤–∞—Ä–∏–∞—Ç–∞ –†–∞–ª—å—Ñ–∞ –ë–µ—Ä–∫–∏–Ω—Å–∞ (Ralph Bernal), –∫–æ—Ç–æ—Ä–∞—è –¥–ª–∏–ª–∞—Å—å 32 –¥–Ω—è –∏ –ø—Ä–∏–≤–ª–µ–∫–ª–∞ –º–µ–∂–¥—É–Ω–∞—Ä–æ–¥–Ω–æ–µ –≤–Ω–∏–º–∞–Ω–∏–µ</p><p>–ö –∫–æ–Ω—Ü—É XIX –≤–µ–∫–∞ Sotheby‚Äôs —É–∂–µ –ø—Ä–æ—á–Ω–æ –∞—Å—Å–æ—Ü–∏–∏—Ä–æ–≤–∞–ª—Å—è —Å –≤—ã—Å–æ–∫–æ–∫–∞—á–µ—Å—Ç–≤–µ–Ω–Ω–æ–π —ç–∫—Å–ø–µ—Ä—Ç–∏–∑–æ–π –≤ –æ–±–ª–∞—Å—Ç–∏ —Ä–∞—Ä–∏—Ç–µ—Ç–æ–≤. –û–¥–Ω–∞–∫–æ –Ω–∞—Å—Ç–æ—è—â–∞—è —Ç—Ä–∞–Ω—Å—Ñ–æ—Ä–º–∞—Ü–∏—è –≤ –≥–ª–æ–±–∞–ª—å–Ω–æ–≥–æ –∏–≥—Ä–æ–∫–∞ –∞—Ä—Ç-—Ä—ã–Ω–∫–∞ –æ–∂–∏–¥–∞–ª–∞ –¥–æ–º –≤ —Å–ª–µ–¥—É—é—â–µ–º —Å—Ç–æ–ª–µ—Ç–∏–∏.</p>""}},{""type"":""richText"",""data"":{""html"":""<img src=\""https://txvkqcitalfbjytmnawq.supabase.co//storage/v1/object/public/media/IMG_0612.webp\""><p></p>""}},{""type"":""richText"",""data"":{""html"":""<p>–ì–ª–æ–±–∞–ª—å–Ω–∞—è –≠—Ä–∞ –∏ –†–µ–≤–æ–ª—é—Ü–∏—è –ê—Ä—Ç-–†—ã–Ω–∫–∞ (1950-1980)</p><p>–≠–ø–æ—Ö–∞ –ü–∏—Ç–µ—Ä–∞ –£–∏–ª—Å–æ–Ω–∞: –ì–ª–æ–±–∞–ª—å–Ω–∞—è —ç–∫—Å–ø–∞–Ω—Å–∏—è –∏ –ø–µ—Ä–µ–µ–∑–¥ –≤ –ù—å—é-–ô–æ—Ä–∫ (1955)</p><p>–ï—Å–ª–∏ XVIII –∏ XIX –≤–µ–∫–∞ –∑–∞–ª–æ–∂–∏–ª–∏ —Ñ—É–Ω–¥–∞–º–µ–Ω—Ç —Ä–µ–ø—É—Ç–∞—Ü–∏–∏ Sotheby‚Äôs, —Ç–æ –ø–æ—Å–ª–µ–≤–æ–µ–Ω–Ω—ã–π –ø–µ—Ä–∏–æ–¥ —Å—Ç–∞–ª –≤—Ä–µ–º–µ–Ω–µ–º —Ä–∞–¥–∏–∫–∞–ª—å–Ω–æ–π —Ç—Ä–∞–Ω—Å—Ñ–æ—Ä–º–∞—Ü–∏–∏. –ö–ª—é—á–µ–≤–æ–π —Ñ–∏–≥—É—Ä–æ–π —ç—Ç–∏—Ö –∏–∑–º–µ–Ω–µ–Ω–∏–π —Å—Ç–∞–ª –ü–∏—Ç–µ—Ä –£–∏–ª—Å–æ–Ω (Peter Wilson), –∫–æ—Ç–æ—Ä—ã–π –≤–æ–∑–≥–ª–∞–≤–∏–ª –∞—É–∫—Ü–∏–æ–Ω–Ω—ã–π –¥–æ–º –≤ 1958 –≥–æ–¥—É –∏ –ø—Ä–µ–≤—Ä–∞—Ç–∏–ª –µ–≥–æ –∏–∑ –ø–æ—á—Ç–µ–Ω–Ω–æ–≥–æ –±—Ä–∏—Ç–∞–Ω—Å–∫–æ–≥–æ —É—á—Ä–µ–∂–¥–µ–Ω–∏—è –≤ –≥–ª–æ–±–∞–ª—å–Ω—É—é –∫–æ—Ä–ø–æ—Ä–∞—Ü–∏—é.</p><p>–°—Ç—Ä–∞—Ç–µ–≥–∏—á–µ—Å–∫–∏–µ —Ä–µ—à–µ–Ω–∏—è –£–∏–ª—Å–æ–Ω–∞, –æ–ø—Ä–µ–¥–µ–ª–∏–≤—à–∏–µ —Å–æ–≤—Ä–µ–º–µ–Ω–Ω—ã–π –æ–±–ª–∏–∫ –∞—Ä—Ç-—Ä—ã–Ω–∫–∞:</p><p>\t1.\t–ì–µ–æ–≥—Ä–∞—Ñ–∏—á–µ—Å–∫–∞—è —ç–∫—Å–ø–∞–Ω—Å–∏—è: –í 1955 –≥–æ–¥—É Sotheby‚Äôs –æ—Ç–∫—Ä—ã–ª –ø–µ—Ä–≤–æ–µ –ø–æ—Å—Ç–æ—è–Ω–Ω–æ–µ –ø—Ä–µ–¥—Å—Ç–∞–≤–∏—Ç–µ–ª—å—Å—Ç–≤–æ –≤ –ù—å—é-–ô–æ—Ä–∫–µ, –ø—Ä–∏–∑–Ω–∞–≤, —á—Ç–æ —Ü–µ–Ω—Ç—Ä –º–∏—Ä–æ–≤–æ–≥–æ –±–æ–≥–∞—Ç—Å—Ç–≤–∞ –∏ –∫–æ–ª–ª–µ–∫—Ü–∏–æ–Ω–∏—Ä–æ–≤–∞–Ω–∏—è —Å–º–µ—â–∞–µ—Ç—Å—è –≤ –°–®–ê. –≠—Ç–æ –±—ã–ª –±–µ—Å–ø—Ä–µ—Ü–µ–¥–µ–Ω—Ç–Ω—ã–π —à–∞–≥, –Ω–∞—Ä—É—à–∏–≤—à–∏–π –≤–µ–∫–æ–≤—É—é —Ç—Ä–∞–¥–∏—Ü–∏—é —Å–æ—Å—Ä–µ–¥–æ—Ç–æ—á–µ–Ω–∏—è –±–∏–∑–Ω–µ—Å–∞ –≤ –õ–æ–Ω–¥–æ–Ω–µ.</p><p>\t2.\t–î–∏–≤–µ—Ä—Å–∏—Ñ–∏–∫–∞—Ü–∏—è –∫–∞—Ç–µ–≥–æ—Ä–∏–π: –û—Ç —Å–ø–µ—Ü–∏–∞–ª–∏–∑–∞—Ü–∏–∏ –Ω–∞ –∫–Ω–∏–≥–∞—Ö Sotheby‚Äôs –ø–µ—Ä–µ—à–µ–ª –∫ –∞–∫—Ç–∏–≤–Ω–æ–π —Ç–æ—Ä–≥–æ–≤–ª–µ –∂–∏–≤–æ–ø–∏—Å—å—é, —Å–∫—É–ª—å–ø—Ç—É—Ä–æ–π, —é–≤–µ–ª–∏—Ä–Ω—ã–º–∏ –∏–∑–¥–µ–ª–∏—è–º–∏ –∏ –¥–µ–∫–æ—Ä–∞—Ç–∏–≤–Ω—ã–º –∏—Å–∫—É—Å—Å—Ç–≤–æ–º.</p><p>\t3.\t–ú–∞—Ä–∫–µ—Ç–∏–Ω–≥–æ–≤–∞—è —Ä–µ–≤–æ–ª—é—Ü–∏—è: –£–∏–ª—Å–æ–Ω –ø–æ–Ω—è–ª, —á—Ç–æ –∞—É–∫—Ü–∏–æ–Ω—ã –º–æ–≥—É—Ç —Å—Ç–∞—Ç—å —Å–æ–±—ã—Ç–∏—è–º–∏, –ø—Ä–∏–≤–ª–µ–∫–∞—é—â–∏–º–∏ –≤–Ω–∏–º–∞–Ω–∏–µ –º–µ–¥–∏–∞. –û–Ω –ø—Ä–µ–≤—Ä–∞—Ç–∏–ª –ø—Ä–æ–¥–∞–∂–∏ –≤ –∑—Ä–µ–ª–∏—â–Ω—ã–µ –º–µ—Ä–æ–ø—Ä–∏—è—Ç–∏—è, —Å–æ–∑–¥–∞–≤–∞—è –∞–∂–∏–æ—Ç–∞–∂ –≤–æ–∫—Ä—É–≥ —Ç–æ–ø–æ–≤—ã—Ö –ª–æ—Ç–æ–≤.</p><p>–í 1964 –≥–æ–¥—É Sotheby‚Äôs –ø—Ä–∏–æ–±—Ä–µ–ª —Å—Ç–∞—Ä–µ–π—à–∏–π –∞–º–µ—Ä–∏–∫–∞–Ω—Å–∫–∏–π –∞—É–∫—Ü–∏–æ–Ω–Ω—ã–π –¥–æ–º Parke-Bernet, –æ–∫–æ–Ω—á–∞—Ç–µ–ª—å–Ω–æ –∑–∞–∫—Ä–µ–ø–∏–≤—à–∏—Å—å –Ω–∞ —Ä—ã–Ω–∫–µ –°–®–ê. –≠—Ç–æ –ø–æ–≥–ª–æ—â–µ–Ω–∏–µ —Å—Ç–∞–ª–æ –ø—Ä–æ—Ç–æ—Ç–∏–ø–æ–º —Å–æ–≤—Ä–µ–º–µ–Ω–Ω—ã—Ö —Å—Ç—Ä–∞—Ç–µ–≥–∏–π –∫–æ–Ω—Å–æ–ª–∏–¥–∞—Ü–∏–∏ –∞—Ä—Ç-—Ä—ã–Ω–∫–∞.</p>""}},{""type"":""richText"",""data"":{""html"":""<img src=\""https://txvkqcitalfbjytmnawq.supabase.co//storage/v1/object/public/media/IMG_0615.png\""><p></p>""}},{""type"":""richText"",""data"":{""html"":""<h2>–°–æ–±—ã—Ç–∏–µ, –ó–∞–ø—É—Å—Ç–∏–≤—à–µ–µ –ë—É–º: –ê–Ω–∞–ª–∏–∑ –ø—Ä–æ–¥–∞–∂–∏ –∫–æ–ª–ª–µ–∫—Ü–∏–∏ –ì–æ–ª—å–¥—à–º–∏–¥—Ç–∞ (1958) –∏ –µ–≥–æ –≤–ª–∏—è–Ω–∏–µ –Ω–∞ —Ü–µ–Ω–æ–æ–±—Ä–∞–∑–æ–≤–∞–Ω–∏–µ</h2><p>–ï—Å–ª–∏ –Ω—É–∂–Ω–æ –≤—ã–±—Ä–∞—Ç—å –æ–¥–Ω–æ —Å–æ–±—ã—Ç–∏–µ, –∏–∑–º–µ–Ω–∏–≤—à–µ–µ –ø—Å–∏—Ö–æ–ª–æ–≥–∏—é –∞—Ä—Ç-—Ä—ã–Ω–∫–∞ –Ω–∞–≤—Å–µ–≥–¥–∞, —ç—Ç–æ –±—É–¥–µ—Ç –∞—É–∫—Ü–∏–æ–Ω –∫–æ–ª–ª–µ–∫—Ü–∏–∏ –Ø–∫–æ–±–∞ –ì–æ–ª—å–¥—à–º–∏–¥—Ç–∞ 15 –æ–∫—Ç—è–±—Ä—è 1958 –≥–æ–¥–∞. –í–µ—á–µ—Ä–Ω—è—è —Ä–∞—Å–ø—Ä–æ–¥–∞–∂–∞ –∏–º–ø—Ä–µ—Å—Å–∏–æ–Ω–∏—Å—Ç—Å–∫–æ–π –∏ —Å–æ–≤—Ä–µ–º–µ–Ω–Ω–æ–π –∂–∏–≤–æ–ø–∏—Å–∏ –∏–∑ –∫–æ–ª–ª–µ–∫—Ü–∏–∏ –±–∞–Ω–∫–∏—Ä–∞ –Ø–∫–æ–±–∞ –ì–æ–ª—å–¥—à–º–∏–¥—Ç–∞ —Å—Ç–∞–ª–∞ —Å–µ–Ω—Å–∞—Ü–∏–µ–π: —Å–µ–º—å –∫–∞—Ä—Ç–∏–Ω –ø—Ä–∏–Ω–µ—Å–ª–∏ —Ä–µ–∫–æ—Ä–¥–Ω—ã–µ ¬£781,000.</p><p>–ü–æ—á–µ–º—É —ç—Ç–æ —Å–æ–±—ã—Ç–∏–µ –±—ã–ª–æ —Ä–µ–≤–æ–ª—é—Ü–∏–æ–Ω–Ω—ã–º:</p><p>\t‚Ä¢\t–ü—Å–∏—Ö–æ–ª–æ–≥–∏—á–µ—Å–∫–∏–π –±–∞—Ä—å–µ—Ä: –ö–∞—Ä—Ç–∏–Ω–∞ –ü–æ–ª—è –°–µ–∑–∞–Ω–Ω–∞ ¬´Gar√ßon au gilet rouge¬ª –±—ã–ª–∞ –ø—Ä–æ–¥–∞–Ω–∞ –∑–∞ ¬£220,000 ‚Äî —Å—É–º–º–∞, –Ω–µ–º—ã—Å–ª–∏–º–∞—è –¥–ª—è —Ç–æ–≥–æ –≤—Ä–µ–º–µ–Ω–∏. –≠—Ç–æ —Ä–∞–∑—Ä—É—à–∏–ª–æ —Å—É—â–µ—Å—Ç–≤—É—é—â–∏–µ –ø—Ä–µ–¥—Å—Ç–∞–≤–ª–µ–Ω–∏—è –æ —Ü–µ–Ω–æ–≤—ã—Ö –ø–æ—Ç–æ–ª–∫–∞—Ö –≤ –∏—Å–∫—É—Å—Å—Ç–≤–µ.</p><p>\t‚Ä¢\t–ú–µ–¥–∏–π–Ω–æ–µ –æ—Å–≤–µ—â–µ–Ω–∏–µ: –ê—É–∫—Ü–∏–æ–Ω —Ç—Ä–∞–Ω—Å–ª–∏—Ä–æ–≤–∞–ª—Å—è –ø–æ —Ç–µ–ª–µ–≤–∏–¥–µ–Ω–∏—é, –ø—Ä–µ–≤—Ä–∞—Ç–∏–≤ –∞—Ä—Ç-—Ç–æ—Ä–≥–æ–≤–ª—é –≤ –ø—É–±–ª–∏—á–Ω–æ–µ –∑—Ä–µ–ª–∏—â–µ. –≠—Ç–æ —Å–æ–∑–¥–∞–ª–æ –ø—Ä–µ—Ü–µ–¥–µ–Ω—Ç ¬´–∞—É–∫—Ü–∏–æ–Ω–∞ –∫–∞–∫ —à–æ—É¬ª, –∫–æ—Ç–æ—Ä—ã–π Sotheby‚Äôs –∏ –µ–≥–æ –∫–æ–Ω–∫—É—Ä–µ–Ω—Ç—ã —ç–∫—Å–ø–ª—É–∞—Ç–∏—Ä—É—é—Ç –ø–æ —Å–µ–π –¥–µ–Ω—å.</p><p>\t‚Ä¢\t–ò–Ω–≤–µ—Å—Ç–∏—Ü–∏–æ–Ω–Ω–∞—è –ø–∞—Ä–∞–¥–∏–≥–º–∞: –ü—Ä–æ–¥–∞–∂–∞ –ì–æ–ª—å–¥—à–º–∏–¥—Ç–∞ –ø—Ä–æ–¥–µ–º–æ–Ω—Å—Ç—Ä–∏—Ä–æ–≤–∞–ª–∞, —á—Ç–æ –∂–∏–≤–æ–ø–∏—Å—å –∏–º–ø—Ä–µ—Å—Å–∏–æ–Ω–∏—Å—Ç–æ–≤ –∏ –º–æ–¥–µ—Ä–Ω–∏—Å—Ç–æ–≤ –º–æ–∂–µ—Ç –±—ã—Ç—å –Ω–∞–¥–µ–∂–Ω—ã–º –∞–∫—Ç–∏–≤–æ–º, —Å–æ–ø–æ—Å—Ç–∞–≤–∏–º—ã–º —Å –Ω–µ–¥–≤–∏–∂–∏–º–æ—Å—Ç—å—é –∏–ª–∏ –∞–∫—Ü–∏—è–º–∏. –≠—Ç–æ –ø—Ä–∏–≤–ª–µ–∫–ª–æ –Ω–æ–≤—ã–π —Ç–∏–ø –ø–æ–∫—É–ø–∞—Ç–µ–ª–µ–π ‚Äî –Ω–µ —Ç–æ–ª—å–∫–æ —ç—Å—Ç–µ—Ç–æ–≤, –Ω–æ –∏ –∏–Ω–≤–µ—Å—Ç–æ—Ä–æ–≤.</p><p>–ü–∏—Ç–µ—Ä –£–∏–ª—Å–æ–Ω –ª–∏—á–Ω–æ –≤–µ–ª –∞—É–∫—Ü–∏–æ–Ω, —á—Ç–æ —Å—Ç–∞–ª–æ –µ–≥–æ –≤–∏–∑–∏—Ç–Ω–æ–π –∫–∞—Ä—Ç–æ—á–∫–æ–π ‚Äî —Ö–∞—Ä–∏–∑–º–∞—Ç–∏—á–Ω—ã–π –∞—É–∫—Ü–∏–æ–Ω–∏—Å—Ç, –ø—Ä–µ–≤—Ä–∞—â–∞—é—â–∏–π —Ç–æ—Ä–≥–∏ –≤ —Ç–µ–∞—Ç—Ä–∞–ª—å–Ω–æ–µ –¥–µ–π—Å—Ç–≤–æ. –≠—Ç–æ—Ç —Ñ–æ—Ä–º–∞—Ç –ø–æ–∑–∂–µ –∫–æ–ø–∏—Ä–æ–≤–∞–ª–∏ –ø–æ –≤—Å–µ–º—É –º–∏—Ä—É.</p><p>–î–ª—è —Å–æ–≤—Ä–µ–º–µ–Ω–Ω—ã—Ö –∏–Ω–≤–µ—Å—Ç–æ—Ä–æ–≤ –≤ –∏—Å–∫—É—Å—Å—Ç–≤–æ —É—Ä–æ–∫ –ì–æ–ª—å–¥—à–º–∏–¥—Ç–∞ –æ—Å—Ç–∞–µ—Ç—Å—è –∞–∫—Ç—É–∞–ª—å–Ω—ã–º: –ø—Ä–æ–≤–µ–Ω–∞–Ω—Å + –º–µ–¥–∏–π–Ω—ã–π –Ω–∞—Ä—Ä–∞—Ç–∏–≤ + –¥–µ—Ñ–∏—Ü–∏—Ç = —ç–∫—Å–ø–æ–Ω–µ–Ω—Ü–∏–∞–ª—å–Ω—ã–π —Ä–æ—Å—Ç —Ü–µ–Ω—ã. –≠—Ç–∞ —Ñ–æ—Ä–º—É–ª–∞ —Ä–∞–±–æ—Ç–∞–µ—Ç –∏ –≤ 2025 –≥–æ–¥—É.</p>""}},{""type"":""richText"",""data"":{""html"":""<img src=\""https://txvkqcitalfbjytmnawq.supabase.co//storage/v1/object/public/media/IMG_0616.jpeg\""><p></p>""}},{""type"":""richText"",""data"":{""html"":""<h2>–°–ø–æ—Ä–Ω—ã–µ –í–ª–∞–¥–µ–ª—å—Ü—ã –∏ –ö—Ä–∏–∑–∏—Å –î–æ–≤–µ—Ä–∏—è (1980-2002)</h2><h3>–≠—Ä–∞ –ê. –ê–ª—å—Ñ—Ä–µ–¥–∞ –¢–∞—É–±–º–∞–Ω–∞: –†–æ—Å—Ç, –ø—É–±–ª–∏—á–Ω–æ–µ –∞–∫—Ü–∏–æ–Ω–∏—Ä–æ–≤–∞–Ω–∏–µ –∏ –º–æ–¥–µ—Ä–Ω–∏–∑–∞—Ü–∏—è</h3><p>–ï—Å–ª–∏ –ü–∏—Ç–µ—Ä –£–∏–ª—Å–æ–Ω –æ–ª–∏—Ü–µ—Ç–≤–æ—Ä—è–ª –∞—Ä–∏—Å—Ç–æ–∫—Ä–∞—Ç–∏—á–µ—Å–∫—É—é —ç–ª–µ–≥–∞–Ω—Ç–Ω–æ—Å—Ç—å –∞—Ä—Ç-—Ä—ã–Ω–∫–∞, —Ç–æ –ê. –ê–ª—å—Ñ—Ä–µ–¥ –¢–∞—É–±–º–∞–Ω (A. Alfred Taubman) –ø—Ä–µ–¥—Å—Ç–∞–≤–ª—è–ª –∞–º–µ—Ä–∏–∫–∞–Ω—Å–∫–∏–π –∫–∞–ø–∏—Ç–∞–ª–∏–∑–º –≤ –µ–≥–æ –Ω–∞–∏–±–æ–ª–µ–µ –∞–≥—Ä–µ—Å—Å–∏–≤–Ω–æ–π —Ñ–æ—Ä–º–µ. –í 1983 –≥–æ–¥—É –¢–∞—É–±–º–∞–Ω, –º–∏–ª–ª–∏–∞—Ä–¥–µ—Ä-–¥–µ–≤–µ–ª–æ–ø–µ—Ä –∏–∑ –î–µ—Ç—Ä–æ–π—Ç–∞, –ø—Ä–∏–æ–±—Ä–µ–ª Sotheby‚Äôs –∑–∞ $139 –º–∏–ª–ª–∏–æ–Ω–æ–≤, —Å—Ç–∞–≤ –ø–µ—Ä–≤—ã–º –∞–º–µ—Ä–∏–∫–∞–Ω—Ü–µ–º –≤–æ –≥–ª–∞–≤–µ –±—Ä–∏—Ç–∞–Ω—Å–∫–æ–≥–æ –∏–Ω—Å—Ç–∏—Ç—É—Ç–∞.</p><p>–°—Ç—Ä–∞—Ç–µ–≥–∏—á–µ—Å–∫–∏–µ –∏–Ω–Ω–æ–≤–∞—Ü–∏–∏ —ç–ø–æ—Ö–∏ –¢–∞—É–±–º–∞–Ω–∞:</p><p>\t1.\t–§–∏–Ω–∞–Ω—Å–æ–≤–∞—è –∏–Ω–∂–µ–Ω–µ—Ä–∏—è: –í 1988 –≥–æ–¥—É Sotheby‚Äôs —Å—Ç–∞–ª –ø—É–±–ª–∏—á–Ω–æ–π –∫–æ–º–ø–∞–Ω–∏–µ–π, —Ä–∞–∑–º–µ—Å—Ç–∏–≤ –∞–∫—Ü–∏–∏ –Ω–∞ –ù—å—é-–ô–æ—Ä–∫—Å–∫–æ–π —Ñ–æ–Ω–¥–æ–≤–æ–π –±–∏—Ä–∂–µ. –≠—Ç–æ –ø—Ä–µ–≤—Ä–∞—Ç–∏–ª–æ –∞—É–∫—Ü–∏–æ–Ω–Ω—ã–π –¥–æ–º –≤ –∫–æ—Ä–ø–æ—Ä–∞—Ü–∏—é —Å –∫–≤–∞—Ä—Ç–∞–ª—å–Ω–æ–π –æ—Ç—á–µ—Ç–Ω–æ—Å—Ç—å—é –∏ –∞–∫—Ü–µ–Ω—Ç–æ–º –Ω–∞ –ø—Ä–∏–±—ã–ª—å–Ω–æ—Å—Ç—å, —á—Ç–æ —Ä–∞–¥–∏–∫–∞–ª—å–Ω–æ –∏–∑–º–µ–Ω–∏–ª–æ –±–∏–∑–Ω–µ—Å-–º–æ–¥–µ–ª—å.</p><p>\t2.\t–ì–∞—Ä–∞–Ω—Ç–∏–∏ –ø—Ä–æ–¥–∞–≤—Ü–∞–º: –¢–∞—É–±–º–∞–Ω –≤–≤–µ–ª –ø—Ä–∞–∫—Ç–∏–∫—É –ø—Ä–µ–¥–æ—Å—Ç–∞–≤–ª–µ–Ω–∏—è –º–∏–Ω–∏–º–∞–ª—å–Ω—ã—Ö –≥–∞—Ä–∞–Ω—Ç–∏–π —Ü–µ–Ω—ã –∫–æ–Ω—Å–∏–≥–Ω–∞—Ç–æ—Ä–∞–º (–ø—Ä–æ–¥–∞–≤—Ü–∞–º –∫–æ–ª–ª–µ–∫—Ü–∏–π). –≠—Ç–æ —Å–Ω–∏–∑–∏–ª–æ —Ä–∏—Å–∫–∏ –¥–ª—è –≤–ª–∞–¥–µ–ª—å—Ü–µ–≤ —à–µ–¥–µ–≤—Ä–æ–≤, –Ω–æ —É–≤–µ–ª–∏—á–∏–ª–æ —Ñ–∏–Ω–∞–Ω—Å–æ–≤—ã–µ –æ–±—è–∑–∞—Ç–µ–ª—å—Å—Ç–≤–∞ –∞—É–∫—Ü–∏–æ–Ω–Ω–æ–≥–æ –¥–æ–º–∞.</p><p>\t3.\t–ì–ª–æ–±–∞–ª—å–Ω–∞—è —Å–µ—Ç—å –æ—Ñ–∏—Å–æ–≤: –ü—Ä–∏ –¢–∞—É–±–º–∞–Ω–µ Sotheby‚Äôs –æ—Ç–∫—Ä—ã–ª –ø—Ä–µ–¥—Å—Ç–∞–≤–∏—Ç–µ–ª—å—Å—Ç–≤–∞ –≤ –ê–∑–∏–∏, –ø—Ä–∏–∑–Ω–∞–≤ —Ä–∞—Å—Ç—É—â—É—é —Ä–æ–ª—å —Ä–µ–≥–∏–æ–Ω–∞ –≤ –∞—Ä—Ç-—Ç–æ—Ä–≥–æ–≤–ª–µ.</p><p>–ü–æ–¥ —Ä—É–∫–æ–≤–æ–¥—Å—Ç–≤–æ–º –¢–∞—É–±–º–∞–Ω–∞ –≥–æ–¥–æ–≤–æ–π –æ–±–æ—Ä–æ—Ç Sotheby‚Äôs –≤—ã—Ä–æ—Å —Å $200 –º–∏–ª–ª–∏–æ–Ω–æ–≤ –¥–æ –±–æ–ª–µ–µ —á–µ–º $3 –º–∏–ª–ª–∏–∞—Ä–¥–æ–≤ –∫ –∫–æ–Ω—Ü—É 1990-—Ö. –û–¥–Ω–∞–∫–æ —ç—Ç–æ—Ç –ø–µ—Ä–∏–æ–¥ —Ä–æ—Å—Ç–∞ –∑–∞–≤–µ—Ä—à–∏–ª—Å—è –∫—Ä—É–ø–Ω–µ–π—à–∏–º —Å–∫–∞–Ω–¥–∞–ª–æ–º –≤ –∏—Å—Ç–æ—Ä–∏–∏ –∞—Ä—Ç-—Ä—ã–Ω–∫–∞.</p>""}},{""type"":""richText"",""data"":{""html"":""<img src=\""https://txvkqcitalfbjytmnawq.supabase.co//storage/v1/object/public/media/IMG_0617.jpeg\""><p></p>""}},{""type"":""richText"",""data"":{""html"":""<h2>–ê—É–∫—Ü–∏–æ–Ω–Ω—ã–µ –†–µ–∫–æ—Ä–¥—ã –∏ –ò–Ω–≤–µ—Å—Ç–∏—Ü–∏–æ–Ω–Ω–∞—è –¶–µ–Ω–Ω–æ—Å—Ç—å</h2><h3>–ò–∫–æ–Ω—ã –ú–æ–¥–µ—Ä–Ω–∏–∑–º–∞: –ü—Ä–æ–¥–∞–∂–∞ ¬´–ö—Ä–∏–∫–∞¬ª –≠–¥–≤–∞—Ä–¥–∞ –ú—É–Ω–∫–∞ (—Å—É–º–º–∞, –∫–æ–Ω—Ç–µ–∫—Å—Ç)</h3><p>–í –º–∞–µ 2012 –≥–æ–¥–∞ Sotheby‚Äôs –ø—Ä–æ–≤–µ–ª –æ–¥–Ω—É –∏–∑ —Å–∞–º—ã—Ö –≥—Ä–æ–º–∫–∏—Ö –ø—Ä–æ–¥–∞–∂ –≤ –∏—Å—Ç–æ—Ä–∏–∏ –∏—Å–∫—É—Å—Å—Ç–≤–∞, –∫–æ—Ç–æ—Ä–∞—è –ø—Ä–æ–¥–µ–º–æ–Ω—Å—Ç—Ä–∏—Ä–æ–≤–∞–ª–∞, –∫–∞–∫ –∫—É–ª—å—Ç–æ–≤—ã–π —Å—Ç–∞—Ç—É—Å —Ä–∞–±–æ—Ç—ã –º–æ–∂–µ—Ç –ø—Ä–µ–æ–¥–æ–ª–µ–≤–∞—Ç—å –ª—é–±—ã–µ —ç–∫–æ–Ω–æ–º–∏—á–µ—Å–∫–∏–µ –ø—Ä–æ–≥–Ω–æ–∑—ã. –ü–∞—Å—Ç–µ–ª—å–Ω–∞—è –≤–µ—Ä—Å–∏—è ¬´–ö—Ä–∏–∫–∞¬ª –≠–¥–≤–∞—Ä–¥–∞ –ú—É–Ω–∫–∞ –±—ã–ª–∞ –ø—Ä–æ–¥–∞–Ω–∞ –∑–∞ $119.9 –º–∏–ª–ª–∏–æ–Ω–æ–≤, —Å—Ç–∞–≤ –Ω–∞ —Ç–æ—Ç –º–æ–º–µ–Ω—Ç —Å–∞–º—ã–º –¥–æ—Ä–æ–≥–∏–º –ø—Ä–æ–∏–∑–≤–µ–¥–µ–Ω–∏–µ–º –∏—Å–∫—É—Å—Å—Ç–≤–∞, –ø—Ä–æ–¥–∞–Ω–Ω—ã–º –Ω–∞ –∞—É–∫—Ü–∏–æ–Ω–µ.</p><p><strong>–ö–æ–Ω—Ç–µ–∫—Å—Ç –ø—Ä–æ–¥–∞–∂–∏:</strong></p><p>\t‚Ä¢\t–ü—Ä–æ–≤–µ–Ω–∞–Ω—Å: –†–∞–±–æ—Ç–∞ –ø—Ä–∏–Ω–∞–¥–ª–µ–∂–∞–ª–∞ –Ω–æ—Ä–≤–µ–∂—Å–∫–æ–º—É –±–∏–∑–Ω–µ—Å–º–µ–Ω—É –ü–µ—Ç—Ç–µ—Ä—É –û–ª—Å–µ–Ω—É (Petter Olsen), –æ—Ç–µ—Ü –∫–æ—Ç–æ—Ä–æ–≥–æ –±—ã–ª –¥—Ä—É–≥–æ–º –∏ –ø–æ–∫—Ä–æ–≤–∏—Ç–µ–ª–µ–º –ú—É–Ω–∫–∞. –ü—Ä—è–º–∞—è —Å–≤—è–∑—å —Å —Ö—É–¥–æ–∂–Ω–∏–∫–æ–º –¥–æ–±–∞–≤–∏–ª–∞ –∞—É—Ç–µ–Ω—Ç–∏—á–Ω–æ—Å—Ç–∏ –∏ —ç–º–æ—Ü–∏–æ–Ω–∞–ª—å–Ω–æ–π —Ü–µ–Ω–Ω–æ—Å—Ç–∏.</p><p>\t‚Ä¢\t–ö—É–ª—å—Ç—É—Ä–Ω–∞—è –∏–∫–æ–Ω–æ–≥—Ä–∞—Ñ–∏—è: ¬´–ö—Ä–∏–∫¬ª ‚Äî –æ–¥–Ω–æ –∏–∑ —Å–∞–º—ã—Ö —É–∑–Ω–∞–≤–∞–µ–º—ã—Ö –∏–∑–æ–±—Ä–∞–∂–µ–Ω–∏–π –≤ –º–∏—Ä–æ–≤–æ–π –∫—É–ª—å—Ç—É—Ä–µ, —Å–∏–º–≤–æ–ª —ç–∫–∑–∏—Å—Ç–µ–Ω—Ü–∏–∞–ª—å–Ω–æ–π —Ç—Ä–µ–≤–æ–≥–∏ —Å–æ–≤—Ä–µ–º–µ–Ω–Ω–æ—Å—Ç–∏. –ï–≥–æ —Ä–µ–ø—Ä–æ–¥—É–∫—Ü–∏–∏ —É–∫—Ä–∞—à–∞—é—Ç –º–∏–ª–ª–∏–æ–Ω—ã –ø–ª–∞–∫–∞—Ç–æ–≤, —Ñ—É—Ç–±–æ–ª–æ–∫ –∏ –º–µ–º–æ–≤. –≠—Ç–∞ —É–Ω–∏–≤–µ—Ä—Å–∞–ª—å–Ω–∞—è —É–∑–Ω–∞–≤–∞–µ–º–æ—Å—Ç—å –ø—Ä–µ–≤—Ä–∞—â–∞–µ—Ç –∫–∞—Ä—Ç–∏–Ω—É –≤ ¬´–≥–æ–ª—É–±—É—é —Ñ–∏—à–∫—É¬ª –∞—Ä—Ç-—Ä—ã–Ω–∫–∞.</p><p>\t‚Ä¢\t–†–µ–¥–∫–æ—Å—Ç—å: –°—É—â–µ—Å—Ç–≤—É–µ—Ç —á–µ—Ç—ã—Ä–µ –≤–µ—Ä—Å–∏–∏ ¬´–ö—Ä–∏–∫–∞¬ª, —Ç—Ä–∏ –∏–∑ –∫–æ—Ç–æ—Ä—ã—Ö –Ω–∞—Ö–æ–¥—è—Ç—Å—è –≤ –º—É–∑–µ—è—Ö –ù–æ—Ä–≤–µ–≥–∏–∏. –ü—Ä–æ–¥–∞–Ω–Ω–∞—è –≤–µ—Ä—Å–∏—è –±—ã–ª–∞ –µ–¥–∏–Ω—Å—Ç–≤–µ–Ω–Ω–æ–π –≤ —á–∞—Å—Ç–Ω—ã—Ö —Ä—É–∫–∞—Ö, —á—Ç–æ —Å–æ–∑–¥–∞–ª–æ —ç—Ñ—Ñ–µ–∫—Ç –∞–±—Å–æ–ª—é—Ç–Ω–æ–≥–æ –¥–µ—Ñ–∏—Ü–∏—Ç–∞.</p><p><strong>–ò–Ω–≤–µ—Å—Ç–∏—Ü–∏–æ–Ω–Ω—ã–π –∞–Ω–∞–ª–∏–∑:</strong></p><p>–¶–µ–Ω–∞ –≤ $119.9 –º–∏–ª–ª–∏–æ–Ω–æ–≤ –ø—Ä–µ–æ–¥–æ–ª–µ–ª–∞ –ø—Å–∏—Ö–æ–ª–æ–≥–∏—á–µ—Å–∫–∏–π –±–∞—Ä—å–µ—Ä $100 –º–∏–ª–ª–∏–æ–Ω–æ–≤, –∫–æ—Ç–æ—Ä—ã–π –¥–æ —ç—Ç–æ–≥–æ –∫–∞–∑–∞–ª—Å—è –Ω–µ–¥–æ—Å—Ç–∏–∂–∏–º—ã–º –¥–ª—è –º–æ–¥–µ—Ä–Ω–∏–∑–º–∞. –≠—Ç–æ —Å–∏–≥–Ω–∞–ª–∏–∑–∏—Ä–æ–≤–∞–ª–æ –∏–Ω–≤–µ—Å—Ç–æ—Ä–∞–º: –∏–∫–æ–Ω–∏—á–µ—Å–∫–∏–π —Å—Ç–∞—Ç—É—Å –≤–∞–∂–Ω–µ–µ —Ç–µ—Ö–Ω–∏—á–µ—Å–∫–æ–≥–æ —Å–æ–≤–µ—Ä—à–µ–Ω—Å—Ç–≤–∞. –ü–æ–∫—É–ø–∞—Ç–µ–ª–µ–º —Å—Ç–∞–ª –∞–º–µ—Ä–∏–∫–∞–Ω—Å–∫–∏–π —Ñ–∏–Ω–∞–Ω—Å–∏—Å—Ç –õ–µ–æ–Ω –ë–ª—ç–∫, –∏–∑–≤–µ—Å—Ç–Ω—ã–π –∫–æ–ª–ª–µ–∫—Ü–∏–æ–Ω–µ—Ä –∏ –æ—Å–Ω–æ–≤–∞—Ç–µ–ª—å –∏–Ω–≤–µ—Å—Ç–∏—Ü–∏–æ–Ω–Ω–æ–π —Ñ–∏—Ä–º—ã Apollo Global Management.</p><p>–ò—Å—Ç–æ—Ä–∏—á–µ—Å–∫–∏–µ –ü—Ä–æ–¥–∞–∂–∏: –ö–æ–ª–ª–µ–∫—Ü–∏–∏ –ù–∞–ø–æ–ª–µ–æ–Ω–∞, –≥–µ—Ä—Ü–æ–≥–∏–Ω–∏ –í–∏–Ω–¥–∑–æ—Ä—Å–∫–æ–π, –ñ–∞–∫–ª–∏–Ω –ö–µ–Ω–Ω–µ–¥–∏ –û–Ω–∞—Å—Å–∏—Å (–¥–µ—Ç–∞–ª–∏ –ª–æ—Ç–æ–≤)</p><p>–ü–æ–º–∏–º–æ —Ä–µ–∫–æ—Ä–¥–Ω—ã—Ö —Ü–µ–Ω –∑–∞ –æ—Ç–¥–µ–ª—å–Ω—ã–µ —à–µ–¥–µ–≤—Ä—ã, Sotheby‚Äôs —Å–æ–∑–¥–∞–ª –Ω–∏—à—É –∞—É–∫—Ü–∏–æ–Ω–æ–≤ –∑–Ω–∞–º–µ–Ω–∏—Ç–æ—Å—Ç–µ–π –∏ –∏—Å—Ç–æ—Ä–∏—á–µ—Å–∫–∏—Ö —Ñ–∏–≥—É—Ä, –≥–¥–µ –ø—Ä–æ–≤–µ–Ω–∞–Ω—Å –∏ –Ω–∞—Ä—Ä–∞—Ç–∏–≤ –≤–∞–∂–Ω–µ–µ —Ö—É–¥–æ–∂–µ—Å—Ç–≤–µ–Ω–Ω–æ–π —Ü–µ–Ω–Ω–æ—Å—Ç–∏.</p><h3>1. –ö–æ–ª–ª–µ–∫—Ü–∏—è –≥–µ—Ä—Ü–æ–≥–∏–Ω–∏ –í–∏–Ω–¥–∑–æ—Ä—Å–∫–æ–π (1987)</h3><p>–í 1987 –≥–æ–¥—É Sotheby‚Äôs –ø—Ä–æ–≤–µ–ª —Ä–∞—Å–ø—Ä–æ–¥–∞–∂—É –ª–∏—á–Ω—ã—Ö –≤–µ—â–µ–π –£–æ–ª–ª–∏—Å –°–∏–º–ø—Å–æ–Ω, –≥–µ—Ä—Ü–æ–≥–∏–Ω–∏ –í–∏–Ω–¥–∑–æ—Ä—Å–∫–æ–π, —Ä–∞–¥–∏ –∫–æ—Ç–æ—Ä–æ–π –∫–æ—Ä–æ–ª—å –≠–¥—É–∞—Ä–¥ VIII –æ—Ç—Ä–µ–∫—Å—è –æ—Ç –±—Ä–∏—Ç–∞–Ω—Å–∫–æ–≥–æ –ø—Ä–µ—Å—Ç–æ–ª–∞. –ê—É–∫—Ü–∏–æ–Ω –¥–ª–∏–ª—Å—è –¥–µ–≤—è—Ç—å –¥–Ω–µ–π –∏ –ø—Ä–∏–Ω–µ—Å –±–æ–ª–µ–µ $50 –º–∏–ª–ª–∏–æ–Ω–æ–≤ ‚Äî –≤ 7 —Ä–∞–∑ –±–æ–ª—å—à–µ –ø—Ä–µ–¥–≤–∞—Ä–∏—Ç–µ–ª—å–Ω—ã—Ö –æ—Ü–µ–Ω–æ–∫.</p><p>–ö–ª—é—á–µ–≤—ã–µ –ª–æ—Ç—ã –≤–∫–ª—é—á–∞–ª–∏:</p><p>\t‚Ä¢\t–Æ–≤–µ–ª–∏—Ä–Ω—ã–µ –∏–∑–¥–µ–ª–∏—è –æ—Ç Cartier –∏ Van Cleef &amp; Arpels</p><p>\t‚Ä¢\t–õ–∏—á–Ω—É—é –∫–æ—Ä—Ä–µ—Å–ø–æ–Ω–¥–µ–Ω—Ü–∏—é –∏ —Ñ–æ—Ç–æ–≥—Ä–∞—Ñ–∏–∏</p><p>\t‚Ä¢\t–ü—Ä–µ–¥–º–µ—Ç—ã –º–µ–±–µ–ª–∏ –∏–∑ –∏—Ö –ø–∞—Ä–∏–∂—Å–∫–æ–π —Ä–µ–∑–∏–¥–µ–Ω—Ü–∏–∏</p><p>–£—Ä–æ–∫ –¥–ª—è –∏–Ω–≤–µ—Å—Ç–æ—Ä–æ–≤: –≠–º–æ—Ü–∏–æ–Ω–∞–ª—å–Ω–∞—è –∏—Å—Ç–æ—Ä–∏—è (–∫–æ—Ä–æ–ª–µ–≤—Å–∫–∞—è –ª—é–±–æ–≤—å, —Å–∫–∞–Ω–¥–∞–ª, —Ç—Ä–∞–≥–µ–¥–∏—è) –º–æ–∂–µ—Ç —É–º–Ω–æ–∂–∞—Ç—å —Å—Ç–æ–∏–º–æ—Å—Ç—å –æ–±—ã—á–Ω—ã—Ö –ø—Ä–µ–¥–º–µ—Ç–æ–≤ –≤ –¥–µ—Å—è—Ç–∫–∏ —Ä–∞–∑.</p><h3>2. –ö–æ–ª–ª–µ–∫—Ü–∏—è –ñ–∞–∫–ª–∏–Ω –ö–µ–Ω–Ω–µ–¥–∏ –û–Ω–∞—Å—Å–∏—Å (1996)</h3><p>–í –∞–ø—Ä–µ–ª–µ 1996 –≥–æ–¥–∞ Sotheby‚Äôs —Ä–∞—Å–ø—Ä–æ–¥–∞–ª –±–æ–ª–µ–µ 5,000 –ø—Ä–µ–¥–º–µ—Ç–æ–≤ –∏–∑ –∏–º—É—â–µ—Å—Ç–≤–∞ –ñ–∞–∫–ª–∏–Ω –ö–µ–Ω–Ω–µ–¥–∏ –û–Ω–∞—Å—Å–∏—Å, –±—ã–≤—à–µ–π –ø–µ—Ä–≤–æ–π –ª–µ–¥–∏ –°–®–ê. –ê—É–∫—Ü–∏–æ–Ω –ø—Ä–∏–≤–ª–µ–∫ 100,000 –ø–æ—Å–µ—Ç–∏—Ç–µ–ª–µ–π –Ω–∞ –ø—Ä–µ–¥–≤–∞—Ä–∏—Ç–µ–ª—å–Ω—ã–π –ø—Ä–æ—Å–º–æ—Ç—Ä –∏ –ø—Ä–∏–Ω–µ—Å $34.5 –º–∏–ª–ª–∏–æ–Ω–æ–≤.</p><p>–õ–µ–≥–µ–Ω–¥–∞—Ä–Ω—ã–µ –ª–æ—Ç—ã:</p><p>\t‚Ä¢\t–§–∞–ª—å—à–∏–≤–∞—è –∂–µ–º—á—É–∂–Ω–∞—è –Ω–∏—Ç—å, –∫–æ—Ç–æ—Ä—É—é –ñ–∞–∫–ª–∏–Ω –Ω–æ—Å–∏–ª–∞ –Ω–∞ –æ—Ñ–∏—Ü–∏–∞–ª—å–Ω—ã—Ö –ø–æ—Ä—Ç—Ä–µ—Ç–∞—Ö, –±—ã–ª–∞ –ø—Ä–æ–¥–∞–Ω–∞ –∑–∞ $211,500 (–æ—Ü–µ–Ω–∫–∞: $500-700)</p><p>\t‚Ä¢\t–ú–µ–±–µ–ª—å –∏–∑ –ë–µ–ª–æ–≥–æ –¥–æ–º–∞ —ç–ø–æ—Ö–∏ –ö–µ–Ω–Ω–µ–¥–∏</p><p>\t‚Ä¢\t–õ–∏—á–Ω—ã–µ –∫–Ω–∏–≥–∏ —Å –ø–æ–º–µ—Ç–∫–∞–º–∏ –ñ–∞–∫–ª–∏–Ω</p><p>–§–µ–Ω–æ–º–µ–Ω ¬´—ç—Ñ—Ñ–µ–∫—Ç–∞ –∑–Ω–∞–º–µ–Ω–∏—Ç–æ—Å—Ç–∏¬ª: –î–∞–∂–µ –Ω–µ–¥–æ—Ä–æ–≥–∏–µ, –º–∞—Å—Å–æ–≤–æ –ø—Ä–æ–∏–∑–≤–µ–¥–µ–Ω–Ω—ã–µ –ø—Ä–µ–¥–º–µ—Ç—ã –ø—Ä–∏–æ–±—Ä–µ—Ç–∞—é—Ç –∞—Å—Ç—Ä–æ–Ω–æ–º–∏—á–µ—Å–∫—É—é —Ü–µ–Ω–Ω–æ—Å—Ç—å, –µ—Å–ª–∏ —Å–≤—è–∑–∞–Ω—ã —Å –∫—É–ª—å—Ç–æ–≤—ã–º–∏ —Ñ–∏–≥—É—Ä–∞–º–∏. –≠—Ç–æ —Å–æ–∑–¥–∞–µ—Ç –Ω–∏—à—É –¥–ª—è –∏–Ω–≤–µ—Å—Ç–∏—Ü–∏–π –≤ –º–µ–º–æ—Ä–∞–±–∏–ª–∏—é, –∫–æ—Ç–æ—Ä–∞—è –º–µ–Ω–µ–µ –∑–∞–≤–∏—Å–∏–º–∞ –æ—Ç —ç—Å—Ç–µ—Ç–∏—á–µ—Å–∫–∏—Ö —Ç—Ä–µ–Ω–¥–æ–≤, —á–µ–º —Ç—Ä–∞–¥–∏—Ü–∏–æ–Ω–Ω–æ–µ –∏—Å–∫—É—Å—Å—Ç–≤–æ.</p><h3>3. –ù–∞–ø–æ–ª–µ–æ–Ω–æ–≤—Å–∫–∞—è –º–µ–º–æ—Ä–∞–±–∏–ª–∏—è</h3><p>Sotheby‚Äôs —Ä–µ–≥—É–ª—è—Ä–Ω–æ –ø—Ä–æ–≤–æ–¥–∏—Ç —Ä–∞—Å–ø—Ä–æ–¥–∞–∂–∏ –ø—Ä–µ–¥–º–µ—Ç–æ–≤, —Å–≤—è–∑–∞–Ω–Ω—ã—Ö —Å –ù–∞–ø–æ–ª–µ–æ–Ω–æ–º –ë–æ–Ω–∞–ø–∞—Ä—Ç–æ–º. –§—Ä–∞–Ω—Ü—É–∑—Å–∫–∏–π –∏–º–ø–µ—Ä–∞—Ç–æ—Ä –æ—Å—Ç–∞–µ—Ç—Å—è –æ–¥–Ω–æ–π –∏–∑ —Å–∞–º—ã—Ö –ø–æ–ø—É–ª—è—Ä–Ω—ã—Ö —Ñ–∏–≥—É—Ä —Å—Ä–µ–¥–∏ –∫–æ–ª–ª–µ–∫—Ü–∏–æ–Ω–µ—Ä–æ–≤. –í 2014 –≥–æ–¥—É —Ç—Ä–µ—É–≥–æ–ª–∫–∞ –ù–∞–ø–æ–ª–µ–æ–Ω–∞ –±—ã–ª–∞ –ø—Ä–æ–¥–∞–Ω–∞ –Ω–∞ –∞—É–∫—Ü–∏–æ–Ω–µ Sotheby‚Äôs –∑–∞ ‚Ç¨1.9 –º–∏–ª–ª–∏–æ–Ω–æ–≤.</p>""}},{""type"":""richText"",""data"":{""html"":""<img src=\""https://txvkqcitalfbjytmnawq.supabase.co//storage/v1/object/public/media/IMG_0618.jpeg\""><p></p>""}},{""type"":""richText"",""data"":{""html"":""<h2>Sotheby‚Äôs –≤ –≠–ø–æ—Ö—É AI –∏ NFT: –í–∑–≥–ª—è–¥ –≤ –ë—É–¥—É—â–µ–µ</h2><h3>–¶–∏—Ñ—Ä–æ–≤–∞—è –¢—Ä–∞–Ω—Å—Ñ–æ—Ä–º–∞—Ü–∏—è: –†–∞–∑–≤–∏—Ç–∏–µ –æ–Ω–ª–∞–π–Ω-–ø–ª–∞—Ç—Ñ–æ—Ä–º –∏ –ø—Ä–∏—Å—É—Ç—Å—Ç–≤–∏–µ –≤ –Ω–æ–≤—ã—Ö –º–µ–¥–∏–∞</h3><p>–ö —Å–µ—Ä–µ–¥–∏–Ω–µ 2020-—Ö –≥–æ–¥–æ–≤ Sotheby‚Äôs —Å—Ç–æ–ª–∫–Ω—É–ª—Å—è —Å —Ñ—É–Ω–¥–∞–º–µ–Ω—Ç–∞–ª—å–Ω—ã–º –≤—ã–∑–æ–≤–æ–º: –∫–∞–∫ –∞–¥–∞–ø—Ç–∏—Ä–æ–≤–∞—Ç—å —Ç—Ä–µ—Ö–≤–µ–∫–æ–≤—É—é –±–∏–∑–Ω–µ—Å-–º–æ–¥–µ–ª—å –∫ —ç–ø–æ—Ö–µ —Ü–∏—Ñ—Ä–æ–≤—ã—Ö –∞–∫—Ç–∏–≤–æ–≤, –±–ª–æ–∫—á–µ–π–Ω–∞ –∏ –∏—Å–∫—É—Å—Å—Ç–≤–µ–Ω–Ω–æ–≥–æ –∏–Ω—Ç–µ–ª–ª–µ–∫—Ç–∞?</p><p><strong>–ö–ª—é—á–µ–≤—ã–µ –∏–Ω–∏—Ü–∏–∞—Ç–∏–≤—ã:</strong></p><p>\t1.\t–ü–ª–∞—Ç—Ñ–æ—Ä–º–∞ –æ–Ω–ª–∞–π–Ω-—Ç–æ—Ä–≥–æ–≤: –í 2020 –≥–æ–¥—É, –≤ —Ä–∞–∑–≥–∞—Ä –ø–∞–Ω–¥–µ–º–∏–∏ COVID-19, Sotheby‚Äôs —Ä–µ–∑–∫–æ —Ä–∞—Å—à–∏—Ä–∏–ª –æ–Ω–ª–∞–π–Ω-–∞—É–∫—Ü–∏–æ–Ω—ã, –∫–æ—Ç–æ—Ä—ã–µ —Å–æ—Å—Ç–∞–≤–∏–ª–∏ –∑–Ω–∞—á–∏—Ç–µ–ª—å–Ω—É—é –¥–æ–ª—é –ø—Ä–æ–¥–∞–∂. –¢–µ—Ö–Ω–æ–ª–æ–≥–∏—á–µ—Å–∫–∞—è –∏–Ω—Ñ—Ä–∞—Å—Ç—Ä—É–∫—Ç—É—Ä–∞ –ø–æ–∑–≤–æ–ª–∏–ª–∞ —É—á–∞—Å—Ç–≤–æ–≤–∞—Ç—å –≤ —Ç–æ—Ä–≥–∞—Ö –∏–∑ –ª—é–±–æ–π —Ç–æ—á–∫–∏ –º–∏—Ä–∞ –≤ —Ä–µ–∞–ª—å–Ω–æ–º –≤—Ä–µ–º–µ–Ω–∏.</p><p>\t2.\tNFT –∏ –∫—Ä–∏–ø—Ç–æ-–∏—Å–∫—É—Å—Å—Ç–≤–æ: –í 2021 –≥–æ–¥—É Sotheby‚Äôs –ø—Ä–æ–≤–µ–ª –ø–µ—Ä–≤—É—é –∫—Ä—É–ø–Ω—É—é –ø—Ä–æ–¥–∞–∂—É NFT, –≤–∫–ª—é—á–∞—è —Ä–∞–±–æ—Ç—ã —Ü–∏—Ñ—Ä–æ–≤—ã—Ö —Ö—É–¥–æ–∂–Ω–∏–∫–æ–≤ Pak –∏ Tyler Hobbs. –ê—É–∫—Ü–∏–æ–Ω ¬´The Fungible Collection¬ª –æ—Ç Pak –ø—Ä–∏–Ω–µ—Å –±–æ–ª–µ–µ $17 –º–∏–ª–ª–∏–æ–Ω–æ–≤.</p><p>\t3.\t–ú–µ—Ç–∞–≤—Å–µ–ª–µ–Ω–Ω–∞—è: Sotheby‚Äôs –æ—Ç–∫—Ä—ã–ª –≤–∏—Ä—Ç—É–∞–ª—å–Ω—É—é –≥–∞–ª–µ—Ä–µ—é –≤ –º–µ—Ç–∞–≤—Å–µ–ª–µ–Ω–Ω–æ–π Decentraland, –≥–¥–µ –ø—Ä–æ–≤–æ–¥—è—Ç—Å—è –≤—ã—Å—Ç–∞–≤–∫–∏ –∏ –∞—É–∫—Ü–∏–æ–Ω—ã —Ü–∏—Ñ—Ä–æ–≤–æ–≥–æ –∏—Å–∫—É—Å—Å—Ç–≤–∞.</p><p><strong>–í—ã–∑–æ–≤—ã –∏ —Ä–∏—Å–∫–∏:</strong></p><p>\t‚Ä¢\t–í–æ–ª–∞—Ç–∏–ª—å–Ω–æ—Å—Ç—å –∫—Ä–∏–ø—Ç–æ-—Ä—ã–Ω–∫–∞: –ë—É–º NFT 2021-2022 –≥–æ–¥–æ–≤ —Å–º–µ–Ω–∏–ª—Å—è —Ä–µ–∑–∫–∏–º —Å–ø–∞–¥–æ–º. –ú–Ω–æ–≥–∏–µ —Ç–æ–∫–µ–Ω—ã, –ø—Ä–æ–¥–∞–Ω–Ω—ã–µ –∑–∞ —Å–æ—Ç–Ω–∏ —Ç—ã—Å—è—á –¥–æ–ª–ª–∞—Ä–æ–≤, –æ–±–µ—Å—Ü–µ–Ω–∏–ª–∏—Å—å.</p><p>\t‚Ä¢\t–í–æ–ø—Ä–æ—Å—ã –∞—É—Ç–µ–Ω—Ç–∏—á–Ω–æ—Å—Ç–∏: –í —Ü–∏—Ñ—Ä–æ–≤–æ–º –º–∏—Ä–µ –ø—Ä–æ–≤–µ–Ω–∞–Ω—Å –æ–ø—Ä–µ–¥–µ–ª—è–µ—Ç—Å—è –±–ª–æ–∫—á–µ–π–Ω-–∑–∞–ø–∏—Å—è–º–∏, —á—Ç–æ —Ç—Ä–µ–±—É–µ—Ç –Ω–æ–≤—ã—Ö –Ω–∞–≤—ã–∫–æ–≤ —ç–∫—Å–ø–µ—Ä—Ç–∏–∑—ã.</p><p>\t‚Ä¢\t–†–µ–≥—É–ª—è—Ç–æ—Ä–Ω–∞—è –Ω–µ–æ–ø—Ä–µ–¥–µ–ª–µ–Ω–Ω–æ—Å—Ç—å: –ü—Ä–∞–≤–æ–≤–æ–π —Å—Ç–∞—Ç—É—Å NFT –∫–∞–∫ –∞–∫—Ç–∏–≤–æ–≤ –æ—Å—Ç–∞–µ—Ç—Å—è —Å–ø–æ—Ä–Ω—ã–º –≤–æ –º–Ω–æ–≥–∏—Ö —é—Ä–∏—Å–¥–∏–∫—Ü–∏—è—Ö.</p>""}},{""type"":""richText"",""data"":{""html"":""<img src=\""https://txvkqcitalfbjytmnawq.supabase.co//storage/v1/object/public/media/IMG_0620.webp\""><p></p>""}},{""type"":""richText"",""data"":{""html"":""<h2>–°—Ç—Ä–∞—Ç–µ–≥–∏—á–µ—Å–∫–æ–µ –ü–æ–∑–∏—Ü–∏–æ–Ω–∏—Ä–æ–≤–∞–Ω–∏–µ: –ü—Ä–∏–≤–∞—Ç–∏–∑–∞—Ü–∏—è –∏ –ê–∑–∏–∞—Ç—Å–∫–∞—è –≠–∫—Å–ø–∞–Ω—Å–∏—è</h2><p>–í 2019 –≥–æ–¥—É –ø—Ä–æ–∏–∑–æ—à–ª–æ –∑–Ω–∞–∫–æ–≤–æ–µ —Å–æ–±—ã—Ç–∏–µ: Sotheby‚Äôs –±—ã–ª –≤—ã–∫—É–ø–ª–µ–Ω —Ñ—Ä–∞–Ω—Ü—É–∑—Å–∫–∏–º —Ç–µ–ª–µ–∫–æ–º-–º–∞–≥–Ω–∞—Ç–æ–º –ü–∞—Ç—Ä–∏–∫–æ–º –î—Ä–∞–∏ (Patrick Drahi) –∑–∞ $3.7 –º–∏–ª–ª–∏–∞—Ä–¥–∞ –∏ —Å–Ω–æ–≤–∞ —Å—Ç–∞–ª —á–∞—Å—Ç–Ω–æ–π –∫–æ–º–ø–∞–Ω–∏–µ–π –ø–æ—Å–ª–µ 31 –≥–æ–¥–∞ –ø—É–±–ª–∏—á–Ω–æ–≥–æ —Å—Ç–∞—Ç—É—Å–∞. –≠—Ç–æ—Ç —à–∞–≥ –æ—Å–≤–æ–±–æ–¥–∏–ª –º–µ–Ω–µ–¥–∂–º–µ–Ω—Ç –æ—Ç –¥–∞–≤–ª–µ–Ω–∏—è –∫–≤–∞—Ä—Ç–∞–ª—å–Ω—ã—Ö –æ—Ç—á–µ—Ç–æ–≤ –∏ –ø–æ–∑–≤–æ–ª–∏–ª –∏–Ω–≤–µ—Å—Ç–∏—Ä–æ–≤–∞—Ç—å –≤ –¥–æ–ª–≥–æ—Å—Ä–æ—á–Ω—ã–µ —Å—Ç—Ä–∞—Ç–µ–≥–∏—á–µ—Å–∫–∏–µ –ø—Ä–æ–µ–∫—Ç—ã.</p><p><strong>–ê–∑–∏–∞—Ç—Å–∫–æ–µ –Ω–∞–ø—Ä–∞–≤–ª–µ–Ω–∏–µ ‚Äî –Ω–æ–≤—ã–π —Ü–µ–Ω—Ç—Ä –ø—Ä–∏–±—ã–ª–∏:</strong></p><p>–ù–∞—á–∏–Ω–∞—è —Å 2010-—Ö –≥–æ–¥–æ–≤ Sotheby‚Äôs –∞–≥—Ä–µ—Å—Å–∏–≤–Ω–æ —Ä–∞–∑–≤–∏–≤–∞–µ—Ç –ø—Ä–∏—Å—É—Ç—Å—Ç–≤–∏–µ –≤ –ê–∑–∏–∏, –æ—Å–æ–±–µ–Ω–Ω–æ –≤ –ì–æ–Ω–∫–æ–Ω–≥–µ –∏ –º–∞—Ç–µ—Ä–∏–∫–æ–≤–æ–º –ö–∏—Ç–∞–µ. –ê–∑–∏–∞—Ç—Å–∫–∏–µ –∫–æ–ª–ª–µ–∫—Ü–∏–æ–Ω–µ—Ä—ã —Å—Ç–∞–ª–∏ –∫–ª—é—á–µ–≤—ã–º–∏ –ø–æ–∫—É–ø–∞—Ç–µ–ª—è–º–∏ –Ω–∞ –≥–ª–æ–±–∞–ª—å–Ω—ã—Ö –∞—É–∫—Ü–∏–æ–Ω–∞—Ö:</p><p>\t‚Ä¢\t–í 2021 –≥–æ–¥—É –Ω–∞ –∞—É–∫—Ü–∏–æ–Ω–µ –≤ –ì–æ–Ω–∫–æ–Ω–≥–µ —Ä–µ–¥–∫–∏–π –±—Ä–∏–ª–ª–∏–∞–Ω—Ç –≤–µ—Å–æ–º 102,39 –∫–∞—Ä–∞—Ç–∞ –±—ã–ª –ø—Ä–æ–¥–∞–Ω –∑–∞ $12.3 –º–∏–ª–ª–∏–æ–Ω–∞</p><p>\t‚Ä¢\t–ö–∏—Ç–∞–π—Å–∫–æ–µ –∏—Å–∫—É—Å—Å—Ç–≤–æ –∏ –∞–Ω—Ç–∏–∫–≤–∞—Ä–∏–∞—Ç —Å—Ç–∞–ª–∏ –æ—Ç–¥–µ–ª—å–Ω–æ–π —Å–ø–µ—Ü–∏–∞–ª–∏–∑–∞—Ü–∏–µ–π —Å –º–Ω–æ–≥–æ–º–∏–ª–ª–∏–æ–Ω–Ω—ã–º–∏ –æ–±–æ—Ä–æ—Ç–∞–º–∏</p><p>\t‚Ä¢\t–û—Ç–∫—Ä—ã—Ç–∏–µ –ø–æ—Å—Ç–æ—è–Ω–Ω—ã—Ö –≥–∞–ª–µ—Ä–µ–π –≤ –ü–µ–∫–∏–Ω–µ –∏ –®–∞–Ω—Ö–∞–µ</p><p><strong>–¢–µ—Ö–Ω–æ–ª–æ–≥–∏—á–µ—Å–∫–∞—è –∏–Ω—Ç–µ–≥—Ä–∞—Ü–∏—è:</strong></p><p>Sotheby‚Äôs –∏–Ω–≤–µ—Å—Ç–∏—Ä—É–µ—Ç –≤ –∏—Å–∫—É—Å—Å—Ç–≤–µ–Ω–Ω—ã–π –∏–Ω—Ç–µ–ª–ª–µ–∫—Ç –¥–ª—è:</p><p>\t‚Ä¢\t–û—Ü–µ–Ω–∫–∏ —Å—Ç–æ–∏–º–æ—Å—Ç–∏ –ª–æ—Ç–æ–≤ –Ω–∞ –æ—Å–Ω–æ–≤–µ –∞–Ω–∞–ª–∏–∑–∞ –∏—Å—Ç–æ—Ä–∏—á–µ—Å–∫–∏—Ö –¥–∞–Ω–Ω—ã—Ö</p><p>\t‚Ä¢\t–ü–µ—Ä—Å–æ–Ω–∞–ª–∏–∑–∏—Ä–æ–≤–∞–Ω–Ω—ã—Ö —Ä–µ–∫–æ–º–µ–Ω–¥–∞—Ü–∏–π –¥–ª—è –∫–æ–ª–ª–µ–∫—Ü–∏–æ–Ω–µ—Ä–æ–≤</p><p>\t‚Ä¢\t–î–µ—Ç–µ–∫—Ü–∏–∏ –ø–æ–¥–¥–µ–ª–æ–∫ —á–µ—Ä–µ–∑ –∞–Ω–∞–ª–∏–∑ –º–∞–∑–∫–æ–≤ –∏ –º–∞—Ç–µ—Ä–∏–∞–ª–æ–≤</p><p>–ù–µ—Å–º–æ—Ç—Ä—è –Ω–∞ —Ä–∏—Å–∫–∏, Sotheby‚Äôs –¥–µ–º–æ–Ω—Å—Ç—Ä–∏—Ä—É–µ—Ç —Å—Ç—Ä–∞—Ç–µ–≥–∏—á–µ—Å–∫—É—é –≥–∏–±–∫–æ—Å—Ç—å, –Ω–µ –æ—Ç–∫–∞–∑—ã–≤–∞—è—Å—å –æ—Ç —Ç—Ä–∞–¥–∏—Ü–∏–æ–Ω–Ω—ã—Ö –∫–∞—Ç–µ–≥–æ—Ä–∏–π, –Ω–æ —Ä–∞—Å—à–∏—Ä—è—è –ø–æ—Ä—Ç—Ñ–µ–ª—å –∑–∞ —Å—á–µ—Ç –Ω–æ–≤—ã—Ö —Ñ–æ—Ä–º–∞—Ç–æ–≤ –∏ –≥–µ–æ–≥—Ä–∞—Ñ–∏—á–µ—Å–∫–∏—Ö —Ä—ã–Ω–∫–æ–≤.</p>""}}]","true","Sun Oct 12 2025 14:27:27 GMT+0000 (Coordinated Universal Time)","Sun Oct 12 2025 06:12:09 GMT+0000 (Coordinated Universal Time)","Sun Oct 12 2025 14:27:27 GMT+0000 (Coordinated Universal Time)","cmg3a1nw400009h9arn2nhaae"
"pcq6ux7ctvtdrybebizn8e8i","üé® –ö—É–ª—å—Ç—É—Ä–Ω—ã–µ –Ω–æ–≤–æ—Å—Ç–∏ | 13 –æ–∫—Ç—è–±—Ä—è 2025  ","kulturnye-novosti-13-oktyabrya-2025","[{""type"":""richText"",""data"":{""html"":""<img src=\""https://txvkqcitalfbjytmnawq.supabase.co//storage/v1/object/public/media/IMG_0623.webp\""><p></p>""}},{""type"":""richText"",""data"":{""html"":""<p>üèõÔ∏è –ó–∞–∫—Ä—ã—Ç–∏–µ Expo 2025 –≤ –û—Å–∞–∫–µ: –ß–µ—Ö–∏—è –ø—Ä–∏–≤–ª–µ–∫–ª–∞ –±–æ–ª–µ–µ 1,5 –º–ª–Ω –ø–æ—Å–µ—Ç–∏—Ç–µ–ª–µ–π  </p><p>Expo 2025 –∑–∞–≤–µ—Ä—à–∞–µ—Ç —Å–≤–æ—é —Ä–∞–±–æ—Ç—É, –∏ —á–µ—à—Å–∫–∏–π –ø–∞–≤–∏–ª—å–æ–Ω —Å—Ç–∞–ª –æ–¥–Ω–∏–º –∏–∑ —Å–∞–º—ã—Ö –ø–æ–ø—É–ª—è—Ä–Ω—ã—Ö —Å –ø–æ—Å–µ—â–∞–µ–º–æ—Å—Ç—å—é –æ—Ç 12 000 –¥–æ 14 000 —á–µ–ª–æ–≤–µ–∫ –µ–∂–µ–¥–Ω–µ–≤–Ω–æ. –≠–∫—Å–ø–æ–∑–∏—Ü–∏—è –≤—ã–∑–≤–∞–ª–∞ –∏–Ω—Ç–µ—Ä–µ—Å –±–ª–∞–≥–æ–¥–∞—Ä—è –∏–Ω–Ω–æ–≤–∞—Ü–∏–æ–Ω–Ω—ã–º –∞—Ä—Ç-–∏–Ω—Å—Ç–∞–ª–ª—è—Ü–∏—è–º –∏ –º—É–ª—å—Ç–∏–º–µ–¥–∏–π–Ω–æ–º—É –∫–æ–Ω—Ç–µ–Ω—Ç—É.  </p><p>üìç Prague Daily</p><p>üèÜ –õ–∏—Ç–µ—Ä–∞—Ç—É—Ä–Ω–∞—è –ù–æ–±–µ–ª–µ–≤—Å–∫–∞—è –ø—Ä–µ–º–∏—è 2025 –ø—Ä–∏—Å—É–∂–¥–µ–Ω–∞ –≤–µ–Ω–≥–µ—Ä—Å–∫–æ–º—É –ø–∏—Å–∞—Ç–µ–ª—é –õ–∞—Å–ª–æ –ö—Ä–∞—Å–Ω–∞—Ö–æ—Ä–∫–∞–∏  </p><p>–ï–≥–æ –ø—Ä–æ–∏–∑–≤–µ–¥–µ–Ω–∏—è –ø—Ä–∏–∑–Ω–∞–Ω—ã –∑–∞ –≥–ª—É–±–æ–∫–∏–π —Ñ–∏–ª–æ—Å–æ—Ñ—Å–∫–∏–π –≤–∑–≥–ª—è–¥ –∏ —É–Ω–∏–∫–∞–ª—å–Ω—ã–π —Å—Ç–∏–ª—å. –ö—Ä–∞—Å–Ω–∞—Ö–æ—Ä–∫–∞–∏ ‚Äî –æ–¥–∏–Ω –∏–∑ —Å–∞–º—ã—Ö –≤–ª–∏—è—Ç–µ–ª—å–Ω—ã—Ö –∞–≤—Ç–æ—Ä–æ–≤ —Å–æ–≤—Ä–µ–º–µ–Ω–Ω–æ—Å—Ç–∏, —á—å–∏ —Ä–∞–±–æ—Ç—ã –∏—Å—Å–ª–µ–¥—É—é—Ç —Ç–µ–º—ã –ø–µ—Å—Å–∏–º–∏–∑–º–∞ –∏ —á–µ–ª–æ–≤–µ—á–µ—Å–∫–æ–π –ø—Ä–∏—Ä–æ–¥—ã.  </p><p>üìç Kathmandu Post</p><p>üíî –£—à–ª–∞ –∏–∑ –∂–∏–∑–Ω–∏ –∞–∫—Ç—Ä–∏—Å–∞ –î–∏–∞–Ω–∞ –ö–∏—Ç–æ–Ω, –∑–≤–µ–∑–¥–∞ ¬´–ê–Ω–∏ –•–æ–ª–ª¬ª –∏ ¬´–ö–ª—É–±–∞ –ø–µ—Ä–≤—ã—Ö –∂—ë–Ω¬ª  </p><p>–î–∏–∞–Ω–∞ –ö–∏—Ç–æ–Ω —Å–∫–æ–Ω—á–∞–ª–∞—Å—å –≤ –≤–æ–∑—Ä–∞—Å—Ç–µ 79 –ª–µ—Ç. –û–Ω–∞ –æ—Å—Ç–∞–≤–∏–ª–∞ –≥–ª—É–±–æ–∫–∏–π —Å–ª–µ–¥ –≤ –∫–∏–Ω–æ–∏–Ω–¥—É—Å—Ç—Ä–∏–∏, —Å—ã–≥—Ä–∞–≤ –º–Ω–æ–∂–µ—Å—Ç–≤–æ –∑–∞–ø–æ–º–∏–Ω–∞—é—â–∏—Ö—Å—è —Ä–æ–ª–µ–π –≤ –∫–æ–º–µ–¥–∏—è—Ö –∏ –¥—Ä–∞–º–∞—Ö, —Å–Ω–∏—Å–∫–∞–≤—à–∏—Ö –ø—Ä–∏–∑–Ω–∞–Ω–∏–µ –∫—Ä–∏—Ç–∏–∫–æ–≤ –∏ –∑—Ä–∏—Ç–µ–ª–µ–π.  </p><p>üìç The New York Times</p><p>üí∞ Phillips –∞–Ω–æ–Ω—Å–∏—Ä—É–µ—Ç –≤–µ—á–µ—Ä–Ω–∏–π –∞—É–∫—Ü–∏–æ–Ω —Å–æ–≤—Ä–µ–º–µ–Ω–Ω–æ–≥–æ –∏—Å–∫—É—Å—Å—Ç–≤–∞ 16 –æ–∫—Ç—è–±—Ä—è –≤ –õ–æ–Ω–¥–æ–Ω–µ  </p><p>–í –ø—Ä–æ–≥—Ä–∞–º–º–µ –∞—É–∫—Ü–∏–æ–Ω–∞ –ø—Ä–µ–¥—Å—Ç–∞–≤–ª–µ–Ω—ã —Ä–∞–±–æ—Ç—ã –∫—Ä—É–ø–Ω–µ–π—à–∏—Ö —Ö—É–¥–æ–∂–Ω–∏–∫–æ–≤ XX –∏ XXI –≤–µ–∫–æ–≤. –ü—Ä–µ–¥–≤–∞—Ä–∏—Ç–µ–ª—å–Ω—ã–µ –ø—Ä–æ—Å–º–æ—Ç—Ä—ã –¥–æ—Å—Ç—É–ø–Ω—ã —Å 9 –ø–æ 18 –æ–∫—Ç—è–±—Ä—è.  </p><p>üìç Phillips</p><p>üèõÔ∏è –°–º–∏—Ç—Å–æ–Ω–æ–≤—Å–∫–∏–π –∏–Ω—Å—Ç–∏—Ç—É—Ç –≤—Ä–µ–º–µ–Ω–Ω–æ –∑–∞–∫—Ä—ã–≤–∞–µ—Ç –º—É–∑–µ–∏ –∏–∑-–∑–∞ –≥–æ—Å—É–¥–∞—Ä—Å—Ç–≤–µ–Ω–Ω–æ–≥–æ —à–∞—Ç–¥–∞—É–Ω–∞ –≤ –°–®–ê  </p><p>–ò–∑-–∑–∞ –æ—Å—Ç–∞–Ω–æ–≤–∫–∏ —Ñ–∏–Ω–∞–Ω—Å–∏—Ä–æ–≤–∞–Ω–∏—è –∑–∞–∫—Ä—ã–≤–∞—é—Ç—Å—è –≤—Å–µ –º—É–∑–µ–∏ –°–º–∏—Ç—Å–æ–Ω–æ–≤—Å–∫–æ–≥–æ –∏–Ω—Å—Ç–∏—Ç—É—Ç–∞, –≤–∫–ª—é—á–∞—è –ù–∞—Ü–∏–æ–Ω–∞–ª—å–Ω—É—é –≥–∞–ª–µ—Ä–µ—é –∏ –ú—É–∑–µ–π –∞–º–µ—Ä–∏–∫–∞–Ω—Å–∫–æ–≥–æ –∏—Å–∫—É—Å—Å—Ç–≤–∞. –°–∏—Ç—É–∞—Ü–∏—è –≤—ã–∑—ã–≤–∞–µ—Ç –æ–±–µ—Å–ø–æ–∫–æ–µ–Ω–Ω–æ—Å—Ç—å –∫—É–ª—å—Ç—É—Ä–Ω–æ–≥–æ —Å–æ–æ–±—â–µ—Å—Ç–≤–∞.  </p><p>üìç ArtNews</p>""}}]","true","Mon Oct 13 2025 07:29:37 GMT+0000 (Coordinated Universal Time)","Mon Oct 13 2025 07:02:41 GMT+0000 (Coordinated Universal Time)","Mon Oct 13 2025 07:29:37 GMT+0000 (Coordinated Universal Time)","cmg3a1nw400009h9arn2nhaae"